server_timestamp,ai_model,device,frame_id,image_size_bytes,width,height,num_faces,server_inference_ms,client_capture_ms,client_encode_ms,fps_est,detections,annotated_file
20260614_003212_363518,OpenCV YuNet ONNX neural face detector,raspberry_pi_4b_picamera2,1,28999,640,360,5,56.09,2.35,18.58,0.0,"[{'id': 1, 'type': 'face', 'x': 227, 'y': 110, 'w': 58, 'h': 76, 'score': 0.928}, {'id': 2, 'type': 'face', 'x': 211, 'y': 13, 'w': 53, 'h': 65, 'score': 0.915}, {'id': 3, 'type': 'face', 'x': 330, 'y': 44, 'w': 62, 'h': 73, 'score': 0.913}, {'id': 4, 'type': 'face', 'x': 105, 'y': 2, 'w': 55, 'h': 52, 'score': 0.905}, {'id': 5, 'type': 'face', 'x': 82, 'y': 86, 'w': 58, 'h': 70, 'score': 0.895}]",stream_annotated\annotated_yunet_20260614_003212_363518_f1.jpg
20260614_003212_457501,OpenCV YuNet ONNX neural face detector,raspberry_pi_4b_picamera2,2,28977,640,360,5,26.29,2.71,3.05,12.28,"[{'id': 1, 'type': 'face', 'x': 226, 'y': 108, 'w': 60, 'h': 76, 'score': 0.927}, {'id': 2, 'type': 'face', 'x': 330, 'y': 45, 'w': 61, 'h': 71, 'score': 0.916}, {'id': 3, 'type': 'face', 'x': 212, 'y': 14, 'w': 53, 'h': 66, 'score': 0.914}, {'id': 4, 'type': 'face', 'x': 105, 'y': 2, 'w': 56, 'h': 52, 'score': 0.905}, {'id': 5, 'type': 'face', 'x': 82, 'y': 85, 'w': 58, 'h': 69, 'score': 0.896}]",stream_annotated\annotated_yunet_20260614_003212_457501_f2.jpg
20260614_003212_659532,OpenCV YuNet ONNX neural face detector,raspberry_pi_4b_picamera2,3,28991,640,360,5,27.2,2.46,3.02,4.93,"[{'id': 1, 'type': 'face', 'x': 227, 'y': 110, 'w': 58, 'h': 76, 'score': 0.927}, {'id': 2, 'type': 'face', 'x': 211, 'y': 13, 'w': 54, 'h': 66, 'score': 0.916}, {'id': 3, 'type': 'face', 'x': 330, 'y': 44, 'w': 61, 'h': 72, 'score': 0.916}, {'id': 4, 'type': 'face', 'x': 107, 'y': 0, 'w': 58, 'h': 55, 'score': 0.906}, {'id': 5, 'type': 'face', 'x': 82, 'y': 85, 'w': 58, 'h': 70, 'score': 0.894}]",stream_annotated\annotated_yunet_20260614_003212_659532_f3.jpg
20260614_003212_862955,OpenCV YuNet ONNX neural face detector,raspberry_pi_4b_picamera2,4,29035,640,360,5,24.86,2.37,2.93,4.87,"[{'id': 1, 'type': 'face', 'x': 227, 'y': 110, 'w': 57, 'h': 76, 'score': 0.927}, {'id': 2, 'type': 'face', 'x': 211, 'y': 14, 'w': 53, 'h': 65, 'score': 0.915}, {'id': 3, 'type': 'face', 'x': 330, 'y': 45, 'w': 62, 'h': 72, 'score': 0.914}, {'id': 4, 'type': 'face', 'x': 106, 'y': 2, 'w': 55, 'h': 52, 'score': 0.908}, {'id': 5, 'type': 'face', 'x': 82, 'y': 85, 'w': 59, 'h': 70, 'score': 0.895}]",stream_annotated\annotated_yunet_20260614_003212_862955_f4.jpg
20260614_003213_061621,OpenCV YuNet ONNX neural face detector,raspberry_pi_4b_picamera2,5,29063,640,360,5,24.82,1.93,2.96,5.1,"[{'id': 1, 'type': 'face', 'x': 227, 'y': 110, 'w': 58, 'h': 75, 'score': 0.927}, {'id': 2, 'type': 'face', 'x': 330, 'y': 45, 'w': 61, 'h': 72, 'score': 0.919}, {'id': 3, 'type': 'face', 'x': 211, 'y': 14, 'w': 53, 'h': 66, 'score': 0.914}, {'id': 4, 'type': 'face', 'x': 106, 'y': 0, 'w': 58, 'h': 55, 'score': 0.903}, {'id': 5, 'type': 'face', 'x': 82, 'y': 86, 'w': 58, 'h': 69, 'score': 0.893}]",stream_annotated\annotated_yunet_20260614_003213_061621_f5.jpg
20260614_003213_265807,OpenCV YuNet ONNX neural face detector,raspberry_pi_4b_picamera2,6,28999,640,360,5,33.81,1.89,2.97,4.85,"[{'id': 1, 'type': 'face', 'x': 227, 'y': 109, 'w': 57, 'h': 76, 'score': 0.927}, {'id': 2, 'type': 'face', 'x': 330, 'y': 45, 'w': 61, 'h': 72, 'score': 0.916}, {'id': 3, 'type': 'face', 'x': 211, 'y': 13, 'w': 53, 'h': 66, 'score': 0.914}, {'id': 4, 'type': 'face', 'x': 106, 'y': 0, 'w': 58, 'h': 55, 'score': 0.905}, {'id': 5, 'type': 'face', 'x': 82, 'y': 86, 'w': 59, 'h': 69, 'score': 0.894}]",stream_annotated\annotated_yunet_20260614_003213_265807_f6.jpg
20260614_003213_485496,OpenCV YuNet ONNX neural face detector,raspberry_pi_4b_picamera2,7,29015,640,360,5,56.14,1.72,2.99,4.55,"[{'id': 1, 'type': 'face', 'x': 227, 'y': 110, 'w': 57, 'h': 76, 'score': 0.928}, {'id': 2, 'type': 'face', 'x': 330, 'y': 45, 'w': 61, 'h': 72, 'score': 0.918}, {'id': 3, 'type': 'face', 'x': 211, 'y': 14, 'w': 54, 'h': 65, 'score': 0.915}, {'id': 4, 'type': 'face', 'x': 106, 'y': 3, 'w': 55, 'h': 52, 'score': 0.909}, {'id': 5, 'type': 'face', 'x': 81, 'y': 85, 'w': 59, 'h': 70, 'score': 0.895}]",stream_annotated\annotated_yunet_20260614_003213_485496_f7.jpg
20260614_003213_667992,OpenCV YuNet ONNX neural face detector,raspberry_pi_4b_picamera2,8,29017,640,360,5,26.04,1.49,3.09,5.46,"[{'id': 1, 'type': 'face', 'x': 227, 'y': 110, 'w': 58, 'h': 76, 'score': 0.929}, {'id': 2, 'type': 'face', 'x': 211, 'y': 14, 'w': 54, 'h': 65, 'score': 0.915}, {'id': 3, 'type': 'face', 'x': 330, 'y': 44, 'w': 62, 'h': 72, 'score': 0.913}, {'id': 4, 'type': 'face', 'x': 107, 'y': 0, 'w': 57, 'h': 54, 'score': 0.909}, {'id': 5, 'type': 'face', 'x': 82, 'y': 86, 'w': 58, 'h': 70, 'score': 0.897}]",stream_annotated\annotated_yunet_20260614_003213_667992_f8.jpg
20260614_003213_866687,OpenCV YuNet ONNX neural face detector,raspberry_pi_4b_picamera2,9,29080,640,360,5,43.46,1.46,3.0,4.53,"[{'id': 1, 'type': 'face', 'x': 227, 'y': 110, 'w': 57, 'h': 76, 'score': 0.927}, {'id': 2, 'type': 'face', 'x': 330, 'y': 44, 'w': 62, 'h': 72, 'score': 0.916}, {'id': 3, 'type': 'face', 'x': 212, 'y': 14, 'w': 53, 'h': 65, 'score': 0.913}, {'id': 4, 'type': 'face', 'x': 106, 'y': -1, 'w': 57, 'h': 55, 'score': 0.905}, {'id': 5, 'type': 'face', 'x': 82, 'y': 85, 'w': 58, 'h': 69, 'score': 0.893}]",stream_annotated\annotated_yunet_20260614_003213_866687_f9.jpg
20260614_003214_051872,OpenCV YuNet ONNX neural face detector,raspberry_pi_4b_picamera2,10,29049,640,360,5,23.29,1.44,2.98,6.16,"[{'id': 1, 'type': 'face', 'x': 226, 'y': 109, 'w': 58, 'h': 77, 'score': 0.929}, {'id': 2, 'type': 'face', 'x': 330, 'y': 45, 'w': 61, 'h': 72, 'score': 0.918}, {'id': 3, 'type': 'face', 'x': 212, 'y': 14, 'w': 53, 'h': 65, 'score': 0.913}, {'id': 4, 'type': 'face', 'x': 107, 'y': 0, 'w': 58, 'h': 55, 'score': 0.903}, {'id': 5, 'type': 'face', 'x': 82, 'y': 86, 'w': 58, 'h': 69, 'score': 0.898}]",stream_annotated\annotated_yunet_20260614_003214_051872_f10.jpg
20260614_003214_265521,OpenCV YuNet ONNX neural face detector,raspberry_pi_4b_picamera2,11,28946,640,360,5,42.84,1.45,2.97,4.52,"[{'id': 1, 'type': 'face', 'x': 227, 'y': 110, 'w': 57, 'h': 76, 'score': 0.928}, {'id': 2, 'type': 'face', 'x': 330, 'y': 44, 'w': 62, 'h': 73, 'score': 0.915}, {'id': 3, 'type': 'face', 'x': 211, 'y': 14, 'w': 54, 'h': 65, 'score': 0.915}, {'id': 4, 'type': 'face', 'x': 106, 'y': 2, 'w': 55, 'h': 52, 'score': 0.907}, {'id': 5, 'type': 'face', 'x': 82, 'y': 85, 'w': 58, 'h': 70, 'score': 0.895}]",stream_annotated\annotated_yunet_20260614_003214_265521_f11.jpg
20260614_003214_455757,OpenCV YuNet ONNX neural face detector,raspberry_pi_4b_picamera2,12,29029,640,360,5,31.8,1.46,2.92,5.3,"[{'id': 1, 'type': 'face', 'x': 227, 'y': 110, 'w': 58, 'h': 77, 'score': 0.928}, {'id': 2, 'type': 'face', 'x': 211, 'y': 13, 'w': 54, 'h': 67, 'score': 0.914}, {'id': 3, 'type': 'face', 'x': 330, 'y': 44, 'w': 61, 'h': 72, 'score': 0.914}, {'id': 4, 'type': 'face', 'x': 107, 'y': 0, 'w': 57, 'h': 54, 'score': 0.906}, {'id': 5, 'type': 'face', 'x': 82, 'y': 86, 'w': 58, 'h': 69, 'score': 0.899}]",stream_annotated\annotated_yunet_20260614_003214_455757_f12.jpg
20260614_003214_662334,OpenCV YuNet ONNX neural face detector,raspberry_pi_4b_picamera2,13,29064,640,360,5,34.02,1.47,2.96,4.83,"[{'id': 1, 'type': 'face', 'x': 227, 'y': 110, 'w': 58, 'h': 76, 'score': 0.927}, {'id': 2, 'type': 'face', 'x': 330, 'y': 44, 'w': 61, 'h': 72, 'score': 0.916}, {'id': 3, 'type': 'face', 'x': 211, 'y': 13, 'w': 54, 'h': 66, 'score': 0.912}, {'id': 4, 'type': 'face', 'x': 106, 'y': 0, 'w': 58, 'h': 54, 'score': 0.911}, {'id': 5, 'type': 'face', 'x': 83, 'y': 86, 'w': 57, 'h': 69, 'score': 0.898}]",stream_annotated\annotated_yunet_20260614_003214_662334_f13.jpg
20260614_003214_887408,OpenCV YuNet ONNX neural face detector,raspberry_pi_4b_picamera2,14,28988,640,360,5,42.66,1.46,3.01,4.47,"[{'id': 1, 'type': 'face', 'x': 226, 'y': 108, 'w': 60, 'h': 76, 'score': 0.927}, {'id': 2, 'type': 'face', 'x': 330, 'y': 44, 'w': 62, 'h': 73, 'score': 0.916}, {'id': 3, 'type': 'face', 'x': 211, 'y': 13, 'w': 53, 'h': 66, 'score': 0.914}, {'id': 4, 'type': 'face', 'x': 105, 'y': 2, 'w': 56, 'h': 52, 'score': 0.904}, {'id': 5, 'type': 'face', 'x': 82, 'y': 86, 'w': 58, 'h': 69, 'score': 0.893}]",stream_annotated\annotated_yunet_20260614_003214_887408_f14.jpg
20260614_003215_055635,OpenCV YuNet ONNX neural face detector,raspberry_pi_4b_picamera2,15,29097,640,360,5,27.64,1.5,2.92,6.04,"[{'id': 1, 'type': 'face', 'x': 227, 'y': 110, 'w': 58, 'h': 76, 'score': 0.927}, {'id': 2, 'type': 'face', 'x': 211, 'y': 13, 'w': 54, 'h': 66, 'score': 0.915}, {'id': 3, 'type': 'face', 'x': 330, 'y': 45, 'w': 61, 'h': 71, 'score': 0.915}, {'id': 4, 'type': 'face', 'x': 105, 'y': 2, 'w': 56, 'h': 53, 'score': 0.907}, {'id': 5, 'type': 'face', 'x': 82, 'y': 85, 'w': 59, 'h': 70, 'score': 0.891}]",stream_annotated\annotated_yunet_20260614_003215_055635_f15.jpg
20260614_003215_273130,OpenCV YuNet ONNX neural face detector,raspberry_pi_4b_picamera2,16,29048,640,360,5,41.27,1.56,2.98,4.58,"[{'id': 1, 'type': 'face', 'x': 227, 'y': 110, 'w': 58, 'h': 77, 'score': 0.928}, {'id': 2, 'type': 'face', 'x': 330, 'y': 45, 'w': 61, 'h': 72, 'score': 0.919}, {'id': 3, 'type': 'face', 'x': 211, 'y': 14, 'w': 54, 'h': 65, 'score': 0.915}, {'id': 4, 'type': 'face', 'x': 107, 'y': 0, 'w': 57, 'h': 54, 'score': 0.905}, {'id': 5, 'type': 'face', 'x': 82, 'y': 86, 'w': 58, 'h': 69, 'score': 0.896}]",stream_annotated\annotated_yunet_20260614_003215_273130_f16.jpg
20260614_003215_456444,OpenCV YuNet ONNX neural face detector,raspberry_pi_4b_picamera2,17,29073,640,360,5,31.34,1.46,3.07,5.49,"[{'id': 1, 'type': 'face', 'x': 227, 'y': 110, 'w': 58, 'h': 77, 'score': 0.927}, {'id': 2, 'type': 'face', 'x': 330, 'y': 44, 'w': 62, 'h': 72, 'score': 0.918}, {'id': 3, 'type': 'face', 'x': 212, 'y': 13, 'w': 53, 'h': 65, 'score': 0.914}, {'id': 4, 'type': 'face', 'x': 106, 'y': 3, 'w': 55, 'h': 51, 'score': 0.909}, {'id': 5, 'type': 'face', 'x': 82, 'y': 85, 'w': 58, 'h': 70, 'score': 0.895}]",stream_annotated\annotated_yunet_20260614_003215_456444_f17.jpg
20260614_003215_667084,OpenCV YuNet ONNX neural face detector,raspberry_pi_4b_picamera2,18,29054,640,360,5,40.91,1.52,2.93,4.72,"[{'id': 1, 'type': 'face', 'x': 227, 'y': 110, 'w': 58, 'h': 76, 'score': 0.929}, {'id': 2, 'type': 'face', 'x': 330, 'y': 44, 'w': 61, 'h': 72, 'score': 0.915}, {'id': 3, 'type': 'face', 'x': 211, 'y': 13, 'w': 53, 'h': 66, 'score': 0.913}, {'id': 4, 'type': 'face', 'x': 107, 'y': 0, 'w': 57, 'h': 54, 'score': 0.907}, {'id': 5, 'type': 'face', 'x': 82, 'y': 86, 'w': 58, 'h': 69, 'score': 0.895}]",stream_annotated\annotated_yunet_20260614_003215_667084_f18.jpg
20260614_003215_860302,OpenCV YuNet ONNX neural face detector,raspberry_pi_4b_picamera2,19,29043,640,360,5,29.58,1.48,3.08,5.16,"[{'id': 1, 'type': 'face', 'x': 227, 'y': 110, 'w': 58, 'h': 76, 'score': 0.928}, {'id': 2, 'type': 'face', 'x': 330, 'y': 44, 'w': 61, 'h': 73, 'score': 0.918}, {'id': 3, 'type': 'face', 'x': 211, 'y': 14, 'w': 53, 'h': 65, 'score': 0.913}, {'id': 4, 'type': 'face', 'x': 106, 'y': -1, 'w': 57, 'h': 55, 'score': 0.905}, {'id': 5, 'type': 'face', 'x': 82, 'y': 86, 'w': 58, 'h': 70, 'score': 0.9}]",stream_annotated\annotated_yunet_20260614_003215_860302_f19.jpg
20260614_003216_061682,OpenCV YuNet ONNX neural face detector,raspberry_pi_4b_picamera2,20,28980,640,360,5,37.36,1.46,3.02,4.94,"[{'id': 1, 'type': 'face', 'x': 227, 'y': 109, 'w': 60, 'h': 75, 'score': 0.926}, {'id': 2, 'type': 'face', 'x': 330, 'y': 45, 'w': 61, 'h': 72, 'score': 0.916}, {'id': 3, 'type': 'face', 'x': 211, 'y': 13, 'w': 53, 'h': 65, 'score': 0.915}, {'id': 4, 'type': 'face', 'x': 106, 'y': 0, 'w': 57, 'h': 55, 'score': 0.906}, {'id': 5, 'type': 'face', 'x': 81, 'y': 85, 'w': 59, 'h': 71, 'score': 0.895}]",stream_annotated\annotated_yunet_20260614_003216_061682_f20.jpg
20260614_003216_264723,OpenCV YuNet ONNX neural face detector,raspberry_pi_4b_picamera2,21,28949,640,360,5,37.97,1.47,3.03,4.9,"[{'id': 1, 'type': 'face', 'x': 227, 'y': 110, 'w': 57, 'h': 76, 'score': 0.927}, {'id': 2, 'type': 'face', 'x': 211, 'y': 14, 'w': 53, 'h': 65, 'score': 0.915}, {'id': 3, 'type': 'face', 'x': 330, 'y': 45, 'w': 61, 'h': 72, 'score': 0.915}, {'id': 4, 'type': 'face', 'x': 107, 'y': 0, 'w': 57, 'h': 54, 'score': 0.91}, {'id': 5, 'type': 'face', 'x': 82, 'y': 86, 'w': 58, 'h': 70, 'score': 0.896}]",stream_annotated\annotated_yunet_20260614_003216_264723_f21.jpg
20260614_003216_454749,OpenCV YuNet ONNX neural face detector,raspberry_pi_4b_picamera2,22,29127,640,360,5,33.13,1.47,3.09,5.22,"[{'id': 1, 'type': 'face', 'x': 226, 'y': 110, 'w': 58, 'h': 77, 'score': 0.928}, {'id': 2, 'type': 'face', 'x': 212, 'y': 13, 'w': 53, 'h': 66, 'score': 0.914}, {'id': 3, 'type': 'face', 'x': 330, 'y': 45, 'w': 61, 'h': 72, 'score': 0.912}, {'id': 4, 'type': 'face', 'x': 107, 'y': 0, 'w': 57, 'h': 54, 'score': 0.904}, {'id': 5, 'type': 'face', 'x': 82, 'y': 86, 'w': 58, 'h': 69, 'score': 0.897}]",stream_annotated\annotated_yunet_20260614_003216_454749_f22.jpg
20260614_003216_678467,OpenCV YuNet ONNX neural face detector,raspberry_pi_4b_picamera2,23,29067,640,360,5,47.95,1.51,3.04,4.53,"[{'id': 1, 'type': 'face', 'x': 227, 'y': 110, 'w': 58, 'h': 76, 'score': 0.93}, {'id': 2, 'type': 'face', 'x': 211, 'y': 14, 'w': 53, 'h': 65, 'score': 0.915}, {'id': 3, 'type': 'face', 'x': 330, 'y': 44, 'w': 61, 'h': 72, 'score': 0.915}, {'id': 4, 'type': 'face', 'x': 107, 'y': 0, 'w': 57, 'h': 55, 'score': 0.907}, {'id': 5, 'type': 'face', 'x': 82, 'y': 86, 'w': 58, 'h': 70, 'score': 0.895}]",stream_annotated\annotated_yunet_20260614_003216_678467_f23.jpg
20260614_003216_863063,OpenCV YuNet ONNX neural face detector,raspberry_pi_4b_picamera2,24,29066,640,360,5,29.67,1.5,3.14,5.5,"[{'id': 1, 'type': 'face', 'x': 227, 'y': 110, 'w': 58, 'h': 76, 'score': 0.928}, {'id': 2, 'type': 'face', 'x': 330, 'y': 45, 'w': 61, 'h': 71, 'score': 0.916}, {'id': 3, 'type': 'face', 'x': 212, 'y': 14, 'w': 53, 'h': 65, 'score': 0.916}, {'id': 4, 'type': 'face', 'x': 107, 'y': 0, 'w': 58, 'h': 54, 'score': 0.905}, {'id': 5, 'type': 'face', 'x': 83, 'y': 86, 'w': 57, 'h': 69, 'score': 0.896}]",stream_annotated\annotated_yunet_20260614_003216_863063_f24.jpg
20260614_003217_073208,OpenCV YuNet ONNX neural face detector,raspberry_pi_4b_picamera2,25,29086,640,360,5,27.83,1.48,3.19,4.69,"[{'id': 1, 'type': 'face', 'x': 227, 'y': 110, 'w': 58, 'h': 77, 'score': 0.926}, {'id': 2, 'type': 'face', 'x': 330, 'y': 45, 'w': 61, 'h': 72, 'score': 0.916}, {'id': 3, 'type': 'face', 'x': 212, 'y': 14, 'w': 54, 'h': 65, 'score': 0.913}, {'id': 4, 'type': 'face', 'x': 107, 'y': 0, 'w': 57, 'h': 54, 'score': 0.908}, {'id': 5, 'type': 'face', 'x': 82, 'y': 86, 'w': 58, 'h': 69, 'score': 0.9}]",stream_annotated\annotated_yunet_20260614_003217_073208_f25.jpg
20260614_003217_257263,OpenCV YuNet ONNX neural face detector,raspberry_pi_4b_picamera2,26,29080,640,360,5,28.77,1.48,3.03,5.46,"[{'id': 1, 'type': 'face', 'x': 227, 'y': 109, 'w': 59, 'h': 76, 'score': 0.926}, {'id': 2, 'type': 'face', 'x': 330, 'y': 45, 'w': 61, 'h': 71, 'score': 0.914}, {'id': 3, 'type': 'face', 'x': 211, 'y': 14, 'w': 53, 'h': 65, 'score': 0.913}, {'id': 4, 'type': 'face', 'x': 106, 'y': 2, 'w': 55, 'h': 52, 'score': 0.91}, {'id': 5, 'type': 'face', 'x': 83, 'y': 86, 'w': 58, 'h': 69, 'score': 0.897}]",stream_annotated\annotated_yunet_20260614_003217_257263_f26.jpg
20260614_003217_519185,OpenCV YuNet ONNX neural face detector,raspberry_pi_4b_picamera2,27,28966,640,360,5,28.57,3.01,8.75,3.81,"[{'id': 1, 'type': 'face', 'x': 227, 'y': 111, 'w': 58, 'h': 75, 'score': 0.927}, {'id': 2, 'type': 'face', 'x': 330, 'y': 45, 'w': 61, 'h': 71, 'score': 0.917}, {'id': 3, 'type': 'face', 'x': 211, 'y': 14, 'w': 54, 'h': 65, 'score': 0.913}, {'id': 4, 'type': 'face', 'x': 107, 'y': 0, 'w': 58, 'h': 54, 'score': 0.904}, {'id': 5, 'type': 'face', 'x': 82, 'y': 86, 'w': 58, 'h': 70, 'score': 0.894}]",stream_annotated\annotated_yunet_20260614_003217_519185_f27.jpg
20260614_003217_688572,OpenCV YuNet ONNX neural face detector,raspberry_pi_4b_picamera2,28,28987,640,360,5,30.21,3.04,8.49,5.94,"[{'id': 1, 'type': 'face', 'x': 227, 'y': 110, 'w': 58, 'h': 76, 'score': 0.93}, {'id': 2, 'type': 'face', 'x': 330, 'y': 44, 'w': 61, 'h': 72, 'score': 0.917}, {'id': 3, 'type': 'face', 'x': 211, 'y': 14, 'w': 53, 'h': 65, 'score': 0.912}, {'id': 4, 'type': 'face', 'x': 107, 'y': 0, 'w': 57, 'h': 54, 'score': 0.908}, {'id': 5, 'type': 'face', 'x': 82, 'y': 85, 'w': 57, 'h': 70, 'score': 0.897}]",stream_annotated\annotated_yunet_20260614_003217_688572_f28.jpg
20260614_003217_887996,OpenCV YuNet ONNX neural face detector,raspberry_pi_4b_picamera2,29,29112,640,360,5,30.52,3.05,8.83,5.06,"[{'id': 1, 'type': 'face', 'x': 227, 'y': 110, 'w': 58, 'h': 76, 'score': 0.926}, {'id': 2, 'type': 'face', 'x': 331, 'y': 44, 'w': 61, 'h': 72, 'score': 0.915}, {'id': 3, 'type': 'face', 'x': 211, 'y': 13, 'w': 53, 'h': 66, 'score': 0.913}, {'id': 4, 'type': 'face', 'x': 106, 'y': 0, 'w': 59, 'h': 55, 'score': 0.905}, {'id': 5, 'type': 'face', 'x': 83, 'y': 86, 'w': 57, 'h': 70, 'score': 0.9}]",stream_annotated\annotated_yunet_20260614_003217_887996_f29.jpg
20260614_003218_086239,OpenCV YuNet ONNX neural face detector,raspberry_pi_4b_picamera2,30,29061,640,360,5,26.41,3.01,9.4,5.01,"[{'id': 1, 'type': 'face', 'x': 227, 'y': 110, 'w': 58, 'h': 76, 'score': 0.927}, {'id': 2, 'type': 'face', 'x': 330, 'y': 45, 'w': 61, 'h': 71, 'score': 0.915}, {'id': 3, 'type': 'face', 'x': 212, 'y': 14, 'w': 53, 'h': 65, 'score': 0.91}, {'id': 4, 'type': 'face', 'x': 107, 'y': 0, 'w': 57, 'h': 54, 'score': 0.907}, {'id': 5, 'type': 'face', 'x': 83, 'y': 86, 'w': 57, 'h': 69, 'score': 0.896}]",stream_annotated\annotated_yunet_20260614_003218_086239_f30.jpg
20260614_003218_288488,OpenCV YuNet ONNX neural face detector,raspberry_pi_4b_picamera2,31,29105,640,360,5,28.62,3.01,8.81,4.91,"[{'id': 1, 'type': 'face', 'x': 227, 'y': 110, 'w': 58, 'h': 76, 'score': 0.927}, {'id': 2, 'type': 'face', 'x': 330, 'y': 44, 'w': 61, 'h': 72, 'score': 0.915}, {'id': 3, 'type': 'face', 'x': 211, 'y': 14, 'w': 54, 'h': 65, 'score': 0.915}, {'id': 4, 'type': 'face', 'x': 105, 'y': 2, 'w': 55, 'h': 52, 'score': 0.906}, {'id': 5, 'type': 'face', 'x': 83, 'y': 85, 'w': 57, 'h': 69, 'score': 0.89}]",stream_annotated\annotated_yunet_20260614_003218_288488_f31.jpg
20260614_003218_496088,OpenCV YuNet ONNX neural face detector,raspberry_pi_4b_picamera2,32,29078,640,360,5,37.44,3.01,9.29,4.86,"[{'id': 1, 'type': 'face', 'x': 227, 'y': 110, 'w': 58, 'h': 76, 'score': 0.929}, {'id': 2, 'type': 'face', 'x': 330, 'y': 45, 'w': 62, 'h': 73, 'score': 0.92}, {'id': 3, 'type': 'face', 'x': 211, 'y': 13, 'w': 53, 'h': 67, 'score': 0.912}, {'id': 4, 'type': 'face', 'x': 105, 'y': 3, 'w': 56, 'h': 52, 'score': 0.907}, {'id': 5, 'type': 'face', 'x': 82, 'y': 86, 'w': 57, 'h': 69, 'score': 0.895}]",stream_annotated\annotated_yunet_20260614_003218_496088_f32.jpg
20260614_003218_689199,OpenCV YuNet ONNX neural face detector,raspberry_pi_4b_picamera2,33,29084,640,360,5,29.0,3.02,9.43,5.15,"[{'id': 1, 'type': 'face', 'x': 227, 'y': 111, 'w': 58, 'h': 76, 'score': 0.929}, {'id': 2, 'type': 'face', 'x': 330, 'y': 45, 'w': 61, 'h': 71, 'score': 0.917}, {'id': 3, 'type': 'face', 'x': 212, 'y': 13, 'w': 54, 'h': 66, 'score': 0.914}, {'id': 4, 'type': 'face', 'x': 107, 'y': 0, 'w': 57, 'h': 54, 'score': 0.905}, {'id': 5, 'type': 'face', 'x': 83, 'y': 86, 'w': 57, 'h': 69, 'score': 0.895}]",stream_annotated\annotated_yunet_20260614_003218_689199_f33.jpg
20260614_003218_915808,OpenCV YuNet ONNX neural face detector,raspberry_pi_4b_picamera2,34,29085,640,360,5,55.43,1.8,8.77,4.34,"[{'id': 1, 'type': 'face', 'x': 227, 'y': 111, 'w': 58, 'h': 76, 'score': 0.928}, {'id': 2, 'type': 'face', 'x': 330, 'y': 44, 'w': 61, 'h': 72, 'score': 0.918}, {'id': 3, 'type': 'face', 'x': 211, 'y': 13, 'w': 53, 'h': 65, 'score': 0.917}, {'id': 4, 'type': 'face', 'x': 105, 'y': 3, 'w': 56, 'h': 53, 'score': 0.903}, {'id': 5, 'type': 'face', 'x': 83, 'y': 86, 'w': 57, 'h': 69, 'score': 0.895}]",stream_annotated\annotated_yunet_20260614_003218_915808_f34.jpg
20260614_003219_120002,OpenCV YuNet ONNX neural face detector,raspberry_pi_4b_picamera2,35,29180,640,360,5,74.59,1.79,7.72,4.95,"[{'id': 1, 'type': 'face', 'x': 227, 'y': 110, 'w': 58, 'h': 77, 'score': 0.928}, {'id': 2, 'type': 'face', 'x': 330, 'y': 44, 'w': 61, 'h': 72, 'score': 0.917}, {'id': 3, 'type': 'face', 'x': 211, 'y': 13, 'w': 54, 'h': 66, 'score': 0.915}, {'id': 4, 'type': 'face', 'x': 107, 'y': -1, 'w': 58, 'h': 56, 'score': 0.904}, {'id': 5, 'type': 'face', 'x': 82, 'y': 85, 'w': 57, 'h': 69, 'score': 0.895}]",stream_annotated\annotated_yunet_20260614_003219_120002_f35.jpg
20260614_003219_268183,OpenCV YuNet ONNX neural face detector,raspberry_pi_4b_picamera2,36,29072,640,360,5,24.23,1.99,6.91,6.91,"[{'id': 1, 'type': 'face', 'x': 227, 'y': 110, 'w': 58, 'h': 76, 'score': 0.927}, {'id': 2, 'type': 'face', 'x': 331, 'y': 44, 'w': 61, 'h': 72, 'score': 0.918}, {'id': 3, 'type': 'face', 'x': 212, 'y': 13, 'w': 53, 'h': 65, 'score': 0.912}, {'id': 4, 'type': 'face', 'x': 106, 'y': -1, 'w': 57, 'h': 55, 'score': 0.904}, {'id': 5, 'type': 'face', 'x': 81, 'y': 85, 'w': 59, 'h': 71, 'score': 0.895}]",stream_annotated\annotated_yunet_20260614_003219_268183_f36.jpg
20260614_003219_478922,OpenCV YuNet ONNX neural face detector,raspberry_pi_4b_picamera2,37,29068,640,360,5,37.55,2.16,6.71,4.64,"[{'id': 1, 'type': 'face', 'x': 227, 'y': 110, 'w': 58, 'h': 76, 'score': 0.928}, {'id': 2, 'type': 'face', 'x': 330, 'y': 45, 'w': 61, 'h': 71, 'score': 0.916}, {'id': 3, 'type': 'face', 'x': 212, 'y': 14, 'w': 53, 'h': 65, 'score': 0.912}, {'id': 4, 'type': 'face', 'x': 106, 'y': 2, 'w': 54, 'h': 52, 'score': 0.908}, {'id': 5, 'type': 'face', 'x': 82, 'y': 85, 'w': 58, 'h': 70, 'score': 0.898}]",stream_annotated\annotated_yunet_20260614_003219_478922_f37.jpg
20260614_003219_685902,OpenCV YuNet ONNX neural face detector,raspberry_pi_4b_picamera2,38,28970,640,360,5,40.0,2.21,6.07,4.9,"[{'id': 1, 'type': 'face', 'x': 226, 'y': 108, 'w': 60, 'h': 76, 'score': 0.926}, {'id': 2, 'type': 'face', 'x': 330, 'y': 45, 'w': 61, 'h': 72, 'score': 0.917}, {'id': 3, 'type': 'face', 'x': 212, 'y': 13, 'w': 53, 'h': 66, 'score': 0.914}, {'id': 4, 'type': 'face', 'x': 105, 'y': 2, 'w': 55, 'h': 52, 'score': 0.906}, {'id': 5, 'type': 'face', 'x': 83, 'y': 86, 'w': 57, 'h': 69, 'score': 0.898}]",stream_annotated\annotated_yunet_20260614_003219_685902_f38.jpg
20260614_003219_881305,OpenCV YuNet ONNX neural face detector,raspberry_pi_4b_picamera2,39,29047,640,360,5,23.67,2.39,6.22,5.11,"[{'id': 1, 'type': 'face', 'x': 227, 'y': 110, 'w': 57, 'h': 76, 'score': 0.928}, {'id': 2, 'type': 'face', 'x': 330, 'y': 44, 'w': 62, 'h': 73, 'score': 0.916}, {'id': 3, 'type': 'face', 'x': 211, 'y': 13, 'w': 53, 'h': 66, 'score': 0.913}, {'id': 4, 'type': 'face', 'x': 107, 'y': 0, 'w': 57, 'h': 54, 'score': 0.909}, {'id': 5, 'type': 'face', 'x': 82, 'y': 85, 'w': 58, 'h': 70, 'score': 0.894}]",stream_annotated\annotated_yunet_20260614_003219_881305_f39.jpg
20260614_003220_078839,OpenCV YuNet ONNX neural face detector,raspberry_pi_4b_picamera2,40,29129,640,360,5,28.83,2.36,6.72,5.13,"[{'id': 1, 'type': 'face', 'x': 227, 'y': 108, 'w': 60, 'h': 76, 'score': 0.927}, {'id': 2, 'type': 'face', 'x': 330, 'y': 45, 'w': 61, 'h': 72, 'score': 0.917}, {'id': 3, 'type': 'face', 'x': 211, 'y': 14, 'w': 53, 'h': 65, 'score': 0.913}, {'id': 4, 'type': 'face', 'x': 107, 'y': 0, 'w': 58, 'h': 55, 'score': 0.905}, {'id': 5, 'type': 'face', 'x': 82, 'y': 86, 'w': 58, 'h': 70, 'score': 0.896}]",stream_annotated\annotated_yunet_20260614_003220_078839_f40.jpg
20260614_003220_289148,OpenCV YuNet ONNX neural face detector,raspberry_pi_4b_picamera2,41,29150,640,360,5,47.75,2.62,7.54,4.32,"[{'id': 1, 'type': 'face', 'x': 227, 'y': 110, 'w': 57, 'h': 76, 'score': 0.927}, {'id': 2, 'type': 'face', 'x': 330, 'y': 44, 'w': 61, 'h': 72, 'score': 0.916}, {'id': 3, 'type': 'face', 'x': 211, 'y': 13, 'w': 54, 'h': 66, 'score': 0.914}, {'id': 4, 'type': 'face', 'x': 105, 'y': 2, 'w': 56, 'h': 52, 'score': 0.905}, {'id': 5, 'type': 'face', 'x': 81, 'y': 85, 'w': 59, 'h': 70, 'score': 0.893}]",stream_annotated\annotated_yunet_20260614_003220_289148_f41.jpg
20260614_003220_487684,OpenCV YuNet ONNX neural face detector,raspberry_pi_4b_picamera2,42,29150,640,360,5,35.53,2.63,7.54,5.49,"[{'id': 1, 'type': 'face', 'x': 227, 'y': 110, 'w': 57, 'h': 76, 'score': 0.928}, {'id': 2, 'type': 'face', 'x': 330, 'y': 45, 'w': 61, 'h': 72, 'score': 0.917}, {'id': 3, 'type': 'face', 'x': 211, 'y': 13, 'w': 54, 'h': 66, 'score': 0.912}, {'id': 4, 'type': 'face', 'x': 106, 'y': -1, 'w': 58, 'h': 56, 'score': 0.904}, {'id': 5, 'type': 'face', 'x': 82, 'y': 86, 'w': 57, 'h': 69, 'score': 0.894}]",stream_annotated\annotated_yunet_20260614_003220_487684_f42.jpg
20260614_003220_692524,OpenCV YuNet ONNX neural face detector,raspberry_pi_4b_picamera2,43,29039,640,360,5,32.05,3.13,8.92,4.93,"[{'id': 1, 'type': 'face', 'x': 227, 'y': 110, 'w': 58, 'h': 76, 'score': 0.929}, {'id': 2, 'type': 'face', 'x': 330, 'y': 45, 'w': 61, 'h': 71, 'score': 0.916}, {'id': 3, 'type': 'face', 'x': 211, 'y': 13, 'w': 54, 'h': 66, 'score': 0.914}, {'id': 4, 'type': 'face', 'x': 105, 'y': 2, 'w': 55, 'h': 52, 'score': 0.905}, {'id': 5, 'type': 'face', 'x': 83, 'y': 86, 'w': 57, 'h': 69, 'score': 0.898}]",stream_annotated\annotated_yunet_20260614_003220_692524_f43.jpg
20260614_003220_897163,OpenCV YuNet ONNX neural face detector,raspberry_pi_4b_picamera2,44,29094,640,360,5,28.68,3.16,8.83,4.93,"[{'id': 1, 'type': 'face', 'x': 227, 'y': 110, 'w': 58, 'h': 77, 'score': 0.928}, {'id': 2, 'type': 'face', 'x': 330, 'y': 44, 'w': 61, 'h': 73, 'score': 0.918}, {'id': 3, 'type': 'face', 'x': 211, 'y': 13, 'w': 54, 'h': 66, 'score': 0.912}, {'id': 4, 'type': 'face', 'x': 107, 'y': 0, 'w': 57, 'h': 54, 'score': 0.906}, {'id': 5, 'type': 'face', 'x': 82, 'y': 85, 'w': 58, 'h': 70, 'score': 0.89}]",stream_annotated\annotated_yunet_20260614_003220_897163_f44.jpg
20260614_003221_102200,OpenCV YuNet ONNX neural face detector,raspberry_pi_4b_picamera2,45,28902,640,360,5,33.6,3.12,8.93,4.86,"[{'id': 1, 'type': 'face', 'x': 222, 'y': 108, 'w': 59, 'h': 76, 'score': 0.932}, {'id': 2, 'type': 'face', 'x': 327, 'y': 46, 'w': 60, 'h': 69, 'score': 0.92}, {'id': 3, 'type': 'face', 'x': 209, 'y': 15, 'w': 54, 'h': 65, 'score': 0.906}, {'id': 4, 'type': 'face', 'x': 103, 'y': -1, 'w': 53, 'h': 54, 'score': 0.904}, {'id': 5, 'type': 'face', 'x': 79, 'y': 88, 'w': 58, 'h': 68, 'score': 0.89}]",stream_annotated\annotated_yunet_20260614_003221_102200_f45.jpg
20260614_003221_287197,OpenCV YuNet ONNX neural face detector,raspberry_pi_4b_picamera2,46,28932,640,360,5,30.68,3.05,8.73,5.36,"[{'id': 1, 'type': 'face', 'x': 221, 'y': 104, 'w': 61, 'h': 79, 'score': 0.93}, {'id': 2, 'type': 'face', 'x': 326, 'y': 40, 'w': 59, 'h': 69, 'score': 0.918}, {'id': 3, 'type': 'face', 'x': 208, 'y': 14, 'w': 50, 'h': 62, 'score': 0.912}, {'id': 4, 'type': 'face', 'x': 99, 'y': -1, 'w': 55, 'h': 54, 'score': 0.909}, {'id': 5, 'type': 'face', 'x': 76, 'y': 86, 'w': 57, 'h': 70, 'score': 0.907}]",stream_annotated\annotated_yunet_20260614_003221_287197_f46.jpg
20260614_003221_504635,OpenCV YuNet ONNX neural face detector,raspberry_pi_4b_picamera2,47,28984,640,360,5,46.43,1.81,8.85,4.61,"[{'id': 1, 'type': 'face', 'x': 225, 'y': 112, 'w': 60, 'h': 78, 'score': 0.921}, {'id': 2, 'type': 'face', 'x': 330, 'y': 50, 'w': 59, 'h': 71, 'score': 0.918}, {'id': 3, 'type': 'face', 'x': 212, 'y': 17, 'w': 53, 'h': 67, 'score': 0.916}, {'id': 4, 'type': 'face', 'x': 105, 'y': 1, 'w': 55, 'h': 55, 'score': 0.911}, {'id': 5, 'type': 'face', 'x': 83, 'y': 90, 'w': 54, 'h': 68, 'score': 0.9}]",stream_annotated\annotated_yunet_20260614_003221_504635_f47.jpg
20260614_003221_685977,OpenCV YuNet ONNX neural face detector,raspberry_pi_4b_picamera2,48,28255,640,360,6,33.9,1.83,7.67,5.46,"[{'id': 1, 'type': 'face', 'x': 1, 'y': 73, 'w': 47, 'h': 69, 'score': 0.94}, {'id': 2, 'type': 'face', 'x': 243, 'y': 119, 'w': 59, 'h': 78, 'score': 0.922}, {'id': 3, 'type': 'face', 'x': 228, 'y': 22, 'w': 53, 'h': 67, 'score': 0.903}, {'id': 4, 'type': 'face', 'x': 99, 'y': 95, 'w': 59, 'h': 71, 'score': 0.895}, {'id': 5, 'type': 'face', 'x': 120, 'y': 1, 'w': 59, 'h': 61, 'score': 0.895}, {'id': 6, 'type': 'face', 'x': 346, 'y': 56, 'w': 59, 'h': 71, 'score': 0.895}]",stream_annotated\annotated_yunet_20260614_003221_685977_f48.jpg
20260614_003221_894264,OpenCV YuNet ONNX neural face detector,raspberry_pi_4b_picamera2,49,28584,640,360,6,48.31,1.9,7.59,4.54,"[{'id': 1, 'type': 'face', 'x': 4, 'y': 74, 'w': 61, 'h': 74, 'score': 0.922}, {'id': 2, 'type': 'face', 'x': 259, 'y': 121, 'w': 58, 'h': 77, 'score': 0.92}, {'id': 3, 'type': 'face', 'x': 244, 'y': 27, 'w': 52, 'h': 65, 'score': 0.915}, {'id': 4, 'type': 'face', 'x': 361, 'y': 57, 'w': 59, 'h': 70, 'score': 0.9}, {'id': 5, 'type': 'face', 'x': 136, 'y': 5, 'w': 59, 'h': 62, 'score': 0.895}, {'id': 6, 'type': 'face', 'x': 115, 'y': 99, 'w': 58, 'h': 69, 'score': 0.894}]",stream_annotated\annotated_yunet_20260614_003221_894264_f49.jpg
20260614_003222_081581,OpenCV YuNet ONNX neural face detector,raspberry_pi_4b_picamera2,50,28876,640,360,6,31.04,2.02,7.61,5.78,"[{'id': 1, 'type': 'face', 'x': 10, 'y': 85, 'w': 62, 'h': 75, 'score': 0.929}, {'id': 2, 'type': 'face', 'x': 248, 'y': 34, 'w': 55, 'h': 65, 'score': 0.927}, {'id': 3, 'type': 'face', 'x': 265, 'y': 130, 'w': 57, 'h': 75, 'score': 0.921}, {'id': 4, 'type': 'face', 'x': 367, 'y': 64, 'w': 58, 'h': 71, 'score': 0.915}, {'id': 5, 'type': 'face', 'x': 146, 'y': 11, 'w': 53, 'h': 62, 'score': 0.908}, {'id': 6, 'type': 'face', 'x': 126, 'y': 108, 'w': 53, 'h': 66, 'score': 0.904}]",stream_annotated\annotated_yunet_20260614_003222_081581_f50.jpg
20260614_003222_299990,OpenCV YuNet ONNX neural face detector,raspberry_pi_4b_picamera2,51,28644,640,360,6,35.82,2.95,7.42,4.52,"[{'id': 1, 'type': 'face', 'x': 7, 'y': 84, 'w': 62, 'h': 78, 'score': 0.928}, {'id': 2, 'type': 'face', 'x': 260, 'y': 131, 'w': 59, 'h': 77, 'score': 0.926}, {'id': 3, 'type': 'face', 'x': 245, 'y': 36, 'w': 53, 'h': 64, 'score': 0.917}, {'id': 4, 'type': 'face', 'x': 122, 'y': 112, 'w': 55, 'h': 66, 'score': 0.906}, {'id': 5, 'type': 'face', 'x': 361, 'y': 69, 'w': 60, 'h': 72, 'score': 0.897}, {'id': 6, 'type': 'face', 'x': 137, 'y': 9, 'w': 61, 'h': 67, 'score': 0.896}]",stream_annotated\annotated_yunet_20260614_003222_299990_f51.jpg
20260614_003222_500886,OpenCV YuNet ONNX neural face detector,raspberry_pi_4b_picamera2,52,28571,640,360,6,42.95,2.59,6.46,4.95,"[{'id': 1, 'type': 'face', 'x': 18, 'y': 88, 'w': 61, 'h': 73, 'score': 0.928}, {'id': 2, 'type': 'face', 'x': 266, 'y': 134, 'w': 59, 'h': 74, 'score': 0.925}, {'id': 3, 'type': 'face', 'x': 369, 'y': 68, 'w': 58, 'h': 71, 'score': 0.914}, {'id': 4, 'type': 'face', 'x': 253, 'y': 37, 'w': 52, 'h': 62, 'score': 0.91}, {'id': 5, 'type': 'face', 'x': 131, 'y': 113, 'w': 53, 'h': 65, 'score': 0.909}, {'id': 6, 'type': 'face', 'x': 146, 'y': 11, 'w': 56, 'h': 65, 'score': 0.9}]",stream_annotated\annotated_yunet_20260614_003222_500886_f52.jpg
20260614_003222_689036,OpenCV YuNet ONNX neural face detector,raspberry_pi_4b_picamera2,53,28556,640,360,6,42.6,3.08,5.76,5.37,"[{'id': 1, 'type': 'face', 'x': 281, 'y': 133, 'w': 60, 'h': 76, 'score': 0.929}, {'id': 2, 'type': 'face', 'x': 31, 'y': 90, 'w': 61, 'h': 74, 'score': 0.925}, {'id': 3, 'type': 'face', 'x': 266, 'y': 42, 'w': 53, 'h': 63, 'score': 0.915}, {'id': 4, 'type': 'face', 'x': 383, 'y': 71, 'w': 59, 'h': 71, 'score': 0.914}, {'id': 5, 'type': 'face', 'x': 143, 'y': 114, 'w': 57, 'h': 68, 'score': 0.911}, {'id': 6, 'type': 'face', 'x': 165, 'y': 19, 'w': 54, 'h': 63, 'score': 0.891}]",stream_annotated\annotated_yunet_20260614_003222_689036_f53.jpg
20260614_003222_890718,OpenCV YuNet ONNX neural face detector,raspberry_pi_4b_picamera2,54,28665,640,360,6,43.0,2.48,6.61,5.05,"[{'id': 1, 'type': 'face', 'x': 54, 'y': 95, 'w': 59, 'h': 71, 'score': 0.933}, {'id': 2, 'type': 'face', 'x': 298, 'y': 136, 'w': 59, 'h': 76, 'score': 0.923}, {'id': 3, 'type': 'face', 'x': 286, 'y': 46, 'w': 51, 'h': 62, 'score': 0.913}, {'id': 4, 'type': 'face', 'x': 402, 'y': 73, 'w': 57, 'h': 69, 'score': 0.909}, {'id': 5, 'type': 'face', 'x': 183, 'y': 22, 'w': 54, 'h': 61, 'score': 0.901}, {'id': 6, 'type': 'face', 'x': 164, 'y': 119, 'w': 53, 'h': 65, 'score': 0.894}]",stream_annotated\annotated_yunet_20260614_003222_890718_f54.jpg
20260614_003223_094354,OpenCV YuNet ONNX neural face detector,raspberry_pi_4b_picamera2,55,28792,640,360,6,37.13,2.22,6.46,4.91,"[{'id': 1, 'type': 'face', 'x': 57, 'y': 93, 'w': 60, 'h': 73, 'score': 0.934}, {'id': 2, 'type': 'face', 'x': 303, 'y': 136, 'w': 58, 'h': 74, 'score': 0.93}, {'id': 3, 'type': 'face', 'x': 407, 'y': 72, 'w': 59, 'h': 70, 'score': 0.921}, {'id': 4, 'type': 'face', 'x': 288, 'y': 43, 'w': 53, 'h': 64, 'score': 0.917}, {'id': 5, 'type': 'face', 'x': 185, 'y': 19, 'w': 57, 'h': 66, 'score': 0.909}, {'id': 6, 'type': 'face', 'x': 166, 'y': 117, 'w': 54, 'h': 66, 'score': 0.902}]",stream_annotated\annotated_yunet_20260614_003223_094354_f55.jpg
20260614_003223_283661,OpenCV YuNet ONNX neural face detector,raspberry_pi_4b_picamera2,56,28478,640,360,6,27.63,2.43,5.96,5.24,"[{'id': 1, 'type': 'face', 'x': 323, 'y': 139, 'w': 58, 'h': 76, 'score': 0.927}, {'id': 2, 'type': 'face', 'x': 79, 'y': 100, 'w': 59, 'h': 70, 'score': 0.927}, {'id': 3, 'type': 'face', 'x': 307, 'y': 48, 'w': 53, 'h': 63, 'score': 0.915}, {'id': 4, 'type': 'face', 'x': 424, 'y': 71, 'w': 61, 'h': 72, 'score': 0.911}, {'id': 5, 'type': 'face', 'x': 189, 'y': 121, 'w': 51, 'h': 65, 'score': 0.897}, {'id': 6, 'type': 'face', 'x': 207, 'y': 23, 'w': 55, 'h': 63, 'score': 0.896}]",stream_annotated\annotated_yunet_20260614_003223_283661_f56.jpg
20260614_003223_483537,OpenCV YuNet ONNX neural face detector,raspberry_pi_4b_picamera2,57,28468,640,360,6,27.87,2.43,6.78,5.01,"[{'id': 1, 'type': 'face', 'x': 77, 'y': 97, 'w': 59, 'h': 71, 'score': 0.932}, {'id': 2, 'type': 'face', 'x': 424, 'y': 72, 'w': 59, 'h': 68, 'score': 0.918}, {'id': 3, 'type': 'face', 'x': 305, 'y': 44, 'w': 53, 'h': 65, 'score': 0.915}, {'id': 4, 'type': 'face', 'x': 321, 'y': 136, 'w': 57, 'h': 75, 'score': 0.915}, {'id': 5, 'type': 'face', 'x': 184, 'y': 118, 'w': 54, 'h': 65, 'score': 0.895}, {'id': 6, 'type': 'face', 'x': 203, 'y': 17, 'w': 55, 'h': 66, 'score': 0.892}]",stream_annotated\annotated_yunet_20260614_003223_483537_f57.jpg
20260614_003223_693877,OpenCV YuNet ONNX neural face detector,raspberry_pi_4b_picamera2,58,28670,640,360,6,42.54,2.48,6.61,4.75,"[{'id': 1, 'type': 'face', 'x': 66, 'y': 94, 'w': 59, 'h': 70, 'score': 0.927}, {'id': 2, 'type': 'face', 'x': 312, 'y': 134, 'w': 59, 'h': 75, 'score': 0.927}, {'id': 3, 'type': 'face', 'x': 412, 'y': 67, 'w': 61, 'h': 73, 'score': 0.913}, {'id': 4, 'type': 'face', 'x': 296, 'y': 42, 'w': 53, 'h': 64, 'score': 0.912}, {'id': 5, 'type': 'face', 'x': 175, 'y': 116, 'w': 54, 'h': 65, 'score': 0.91}, {'id': 6, 'type': 'face', 'x': 196, 'y': 21, 'w': 50, 'h': 59, 'score': 0.907}]",stream_annotated\annotated_yunet_20260614_003223_693877_f58.jpg
20260614_003223_897859,OpenCV YuNet ONNX neural face detector,raspberry_pi_4b_picamera2,59,28811,640,360,6,40.52,2.68,7.53,4.91,"[{'id': 1, 'type': 'face', 'x': 63, 'y': 91, 'w': 60, 'h': 73, 'score': 0.927}, {'id': 2, 'type': 'face', 'x': 311, 'y': 130, 'w': 58, 'h': 77, 'score': 0.923}, {'id': 3, 'type': 'face', 'x': 411, 'y': 65, 'w': 59, 'h': 71, 'score': 0.918}, {'id': 4, 'type': 'face', 'x': 293, 'y': 36, 'w': 52, 'h': 63, 'score': 0.907}, {'id': 5, 'type': 'face', 'x': 173, 'y': 113, 'w': 53, 'h': 65, 'score': 0.903}, {'id': 6, 'type': 'face', 'x': 191, 'y': 16, 'w': 55, 'h': 62, 'score': 0.899}]",stream_annotated\annotated_yunet_20260614_003223_897859_f59.jpg
20260614_003224_100476,OpenCV YuNet ONNX neural face detector,raspberry_pi_4b_picamera2,60,28991,640,360,6,40.68,2.7,7.55,5.0,"[{'id': 1, 'type': 'face', 'x': 63, 'y': 91, 'w': 59, 'h': 72, 'score': 0.929}, {'id': 2, 'type': 'face', 'x': 310, 'y': 128, 'w': 59, 'h': 78, 'score': 0.923}, {'id': 3, 'type': 'face', 'x': 411, 'y': 65, 'w': 59, 'h': 71, 'score': 0.918}, {'id': 4, 'type': 'face', 'x': 293, 'y': 36, 'w': 52, 'h': 64, 'score': 0.908}, {'id': 5, 'type': 'face', 'x': 173, 'y': 113, 'w': 53, 'h': 64, 'score': 0.897}, {'id': 6, 'type': 'face', 'x': 188, 'y': 14, 'w': 58, 'h': 63, 'score': 0.888}]",stream_annotated\annotated_yunet_20260614_003224_100476_f60.jpg
20260614_003224_304388,OpenCV YuNet ONNX neural face detector,raspberry_pi_4b_picamera2,61,28942,640,360,6,39.25,2.67,7.72,4.83,"[{'id': 1, 'type': 'face', 'x': 63, 'y': 91, 'w': 60, 'h': 74, 'score': 0.928}, {'id': 2, 'type': 'face', 'x': 310, 'y': 131, 'w': 58, 'h': 76, 'score': 0.927}, {'id': 3, 'type': 'face', 'x': 411, 'y': 67, 'w': 59, 'h': 70, 'score': 0.915}, {'id': 4, 'type': 'face', 'x': 293, 'y': 37, 'w': 52, 'h': 63, 'score': 0.911}, {'id': 5, 'type': 'face', 'x': 173, 'y': 113, 'w': 53, 'h': 65, 'score': 0.907}, {'id': 6, 'type': 'face', 'x': 192, 'y': 16, 'w': 53, 'h': 62, 'score': 0.904}]",stream_annotated\annotated_yunet_20260614_003224_304388_f61.jpg
20260614_003224_508199,OpenCV YuNet ONNX neural face detector,raspberry_pi_4b_picamera2,62,28887,640,360,6,36.58,3.06,8.73,4.94,"[{'id': 1, 'type': 'face', 'x': 64, 'y': 90, 'w': 59, 'h': 74, 'score': 0.93}, {'id': 2, 'type': 'face', 'x': 310, 'y': 132, 'w': 59, 'h': 76, 'score': 0.927}, {'id': 3, 'type': 'face', 'x': 410, 'y': 66, 'w': 61, 'h': 72, 'score': 0.919}, {'id': 4, 'type': 'face', 'x': 293, 'y': 37, 'w': 51, 'h': 63, 'score': 0.914}, {'id': 5, 'type': 'face', 'x': 175, 'y': 115, 'w': 52, 'h': 63, 'score': 0.908}, {'id': 6, 'type': 'face', 'x': 192, 'y': 17, 'w': 52, 'h': 61, 'score': 0.902}]",stream_annotated\annotated_yunet_20260614_003224_508199_f62.jpg
20260614_003224_710018,OpenCV YuNet ONNX neural face detector,raspberry_pi_4b_picamera2,63,28794,640,360,6,38.55,3.07,8.52,4.92,"[{'id': 1, 'type': 'face', 'x': 64, 'y': 91, 'w': 59, 'h': 73, 'score': 0.931}, {'id': 2, 'type': 'face', 'x': 310, 'y': 132, 'w': 59, 'h': 77, 'score': 0.927}, {'id': 3, 'type': 'face', 'x': 410, 'y': 66, 'w': 62, 'h': 72, 'score': 0.915}, {'id': 4, 'type': 'face', 'x': 294, 'y': 38, 'w': 51, 'h': 62, 'score': 0.912}, {'id': 5, 'type': 'face', 'x': 193, 'y': 17, 'w': 52, 'h': 62, 'score': 0.909}, {'id': 6, 'type': 'face', 'x': 175, 'y': 114, 'w': 52, 'h': 65, 'score': 0.903}]",stream_annotated\annotated_yunet_20260614_003224_710018_f63.jpg
20260614_003224_892112,OpenCV YuNet ONNX neural face detector,raspberry_pi_4b_picamera2,64,28833,640,360,6,90.0,1.88,8.48,4.14,"[{'id': 1, 'type': 'face', 'x': 65, 'y': 91, 'w': 59, 'h': 73, 'score': 0.932}, {'id': 2, 'type': 'face', 'x': 311, 'y': 132, 'w': 59, 'h': 76, 'score': 0.926}, {'id': 3, 'type': 'face', 'x': 409, 'y': 65, 'w': 61, 'h': 73, 'score': 0.922}, {'id': 4, 'type': 'face', 'x': 294, 'y': 39, 'w': 51, 'h': 63, 'score': 0.913}, {'id': 5, 'type': 'face', 'x': 193, 'y': 17, 'w': 52, 'h': 61, 'score': 0.908}, {'id': 6, 'type': 'face', 'x': 174, 'y': 115, 'w': 52, 'h': 65, 'score': 0.907}]",stream_annotated\annotated_yunet_20260614_003224_892112_f64.jpg
20260614_003225_085418,OpenCV YuNet ONNX neural face detector,raspberry_pi_4b_picamera2,65,28838,640,360,6,35.21,1.91,7.53,7.32,"[{'id': 1, 'type': 'face', 'x': 64, 'y': 90, 'w': 59, 'h': 74, 'score': 0.93}, {'id': 2, 'type': 'face', 'x': 310, 'y': 132, 'w': 59, 'h': 76, 'score': 0.923}, {'id': 3, 'type': 'face', 'x': 410, 'y': 65, 'w': 62, 'h': 74, 'score': 0.922}, {'id': 4, 'type': 'face', 'x': 294, 'y': 38, 'w': 51, 'h': 62, 'score': 0.912}, {'id': 5, 'type': 'face', 'x': 175, 'y': 114, 'w': 52, 'h': 65, 'score': 0.905}, {'id': 6, 'type': 'face', 'x': 193, 'y': 17, 'w': 52, 'h': 61, 'score': 0.903}]",stream_annotated\annotated_yunet_20260614_003225_085418_f65.jpg
20260614_003225_303185,OpenCV YuNet ONNX neural face detector,raspberry_pi_4b_picamera2,66,28930,640,360,6,52.53,2.92,7.48,4.51,"[{'id': 1, 'type': 'face', 'x': 64, 'y': 90, 'w': 60, 'h': 74, 'score': 0.929}, {'id': 2, 'type': 'face', 'x': 310, 'y': 132, 'w': 59, 'h': 77, 'score': 0.926}, {'id': 3, 'type': 'face', 'x': 409, 'y': 66, 'w': 62, 'h': 73, 'score': 0.919}, {'id': 4, 'type': 'face', 'x': 294, 'y': 38, 'w': 51, 'h': 63, 'score': 0.91}, {'id': 5, 'type': 'face', 'x': 175, 'y': 114, 'w': 51, 'h': 64, 'score': 0.907}, {'id': 6, 'type': 'face', 'x': 192, 'y': 18, 'w': 52, 'h': 60, 'score': 0.905}]",stream_annotated\annotated_yunet_20260614_003225_303185_f66.jpg
20260614_003225_487048,OpenCV YuNet ONNX neural face detector,raspberry_pi_4b_picamera2,67,28817,640,360,6,48.01,2.47,5.82,5.49,"[{'id': 1, 'type': 'face', 'x': 64, 'y': 90, 'w': 60, 'h': 74, 'score': 0.931}, {'id': 2, 'type': 'face', 'x': 310, 'y': 131, 'w': 59, 'h': 77, 'score': 0.926}, {'id': 3, 'type': 'face', 'x': 409, 'y': 65, 'w': 62, 'h': 74, 'score': 0.923}, {'id': 4, 'type': 'face', 'x': 294, 'y': 39, 'w': 51, 'h': 63, 'score': 0.913}, {'id': 5, 'type': 'face', 'x': 175, 'y': 114, 'w': 51, 'h': 64, 'score': 0.908}, {'id': 6, 'type': 'face', 'x': 193, 'y': 17, 'w': 52, 'h': 61, 'score': 0.905}]",stream_annotated\annotated_yunet_20260614_003225_487048_f67.jpg
20260614_003225_679897,OpenCV YuNet ONNX neural face detector,raspberry_pi_4b_picamera2,68,29019,640,360,6,32.65,3.32,6.12,5.3,"[{'id': 1, 'type': 'face', 'x': 64, 'y': 91, 'w': 59, 'h': 74, 'score': 0.932}, {'id': 2, 'type': 'face', 'x': 311, 'y': 132, 'w': 58, 'h': 76, 'score': 0.925}, {'id': 3, 'type': 'face', 'x': 409, 'y': 65, 'w': 63, 'h': 74, 'score': 0.914}, {'id': 4, 'type': 'face', 'x': 294, 'y': 38, 'w': 51, 'h': 62, 'score': 0.913}, {'id': 5, 'type': 'face', 'x': 175, 'y': 114, 'w': 51, 'h': 64, 'score': 0.906}, {'id': 6, 'type': 'face', 'x': 192, 'y': 17, 'w': 52, 'h': 62, 'score': 0.904}]",stream_annotated\annotated_yunet_20260614_003225_679897_f68.jpg
20260614_003225_924267,OpenCV YuNet ONNX neural face detector,raspberry_pi_4b_picamera2,69,24893,640,360,5,27.9,2.43,6.54,4.09,"[{'id': 1, 'type': 'face', 'x': 388, 'y': 61, 'w': 66, 'h': 76, 'score': 0.907}, {'id': 2, 'type': 'face', 'x': 270, 'y': 35, 'w': 57, 'h': 65, 'score': 0.906}, {'id': 3, 'type': 'face', 'x': 39, 'y': 89, 'w': 66, 'h': 74, 'score': 0.89}, {'id': 4, 'type': 'face', 'x': 280, 'y': 124, 'w': 68, 'h': 85, 'score': 0.886}, {'id': 5, 'type': 'face', 'x': 155, 'y': -5, 'w': 85, 'h': 81, 'score': 0.785}]",stream_annotated\annotated_yunet_20260614_003225_924267_f69.jpg
20260614_003226_080277,OpenCV YuNet ONNX neural face detector,raspberry_pi_4b_picamera2,70,17600,640,360,1,26.04,2.63,7.46,6.52,"[{'id': 1, 'type': 'face', 'x': 271, 'y': 30, 'w': 292, 'h': 357, 'score': 0.921}]",stream_annotated\annotated_yunet_20260614_003226_080277_f70.jpg
20260614_003226_282344,OpenCV YuNet ONNX neural face detector,raspberry_pi_4b_picamera2,71,18910,640,360,1,24.83,2.65,7.2,4.94,"[{'id': 1, 'type': 'face', 'x': 113, 'y': 6, 'w': 306, 'h': 395, 'score': 0.932}]",stream_annotated\annotated_yunet_20260614_003226_282344_f71.jpg
20260614_003226_492582,OpenCV YuNet ONNX neural face detector,raspberry_pi_4b_picamera2,72,18829,640,360,1,29.79,2.71,7.11,4.79,"[{'id': 1, 'type': 'face', 'x': 116, 'y': 6, 'w': 303, 'h': 397, 'score': 0.932}]",stream_annotated\annotated_yunet_20260614_003226_492582_f72.jpg
20260614_003226_691586,OpenCV YuNet ONNX neural face detector,raspberry_pi_4b_picamera2,73,18890,640,360,1,41.23,2.67,7.09,4.94,"[{'id': 1, 'type': 'face', 'x': 114, 'y': 7, 'w': 304, 'h': 394, 'score': 0.932}]",stream_annotated\annotated_yunet_20260614_003226_691586_f73.jpg
20260614_003226_887988,OpenCV YuNet ONNX neural face detector,raspberry_pi_4b_picamera2,74,18935,640,360,1,22.96,3.01,8.04,5.16,"[{'id': 1, 'type': 'face', 'x': 114, 'y': 6, 'w': 305, 'h': 396, 'score': 0.933}]",stream_annotated\annotated_yunet_20260614_003226_887988_f74.jpg
20260614_003227_091076,OpenCV YuNet ONNX neural face detector,raspberry_pi_4b_picamera2,75,18949,640,360,1,22.99,2.94,8.05,4.92,"[{'id': 1, 'type': 'face', 'x': 112, 'y': 6, 'w': 307, 'h': 397, 'score': 0.931}]",stream_annotated\annotated_yunet_20260614_003227_091076_f75.jpg
20260614_003227_304007,OpenCV YuNet ONNX neural face detector,raspberry_pi_4b_picamera2,76,18960,640,360,1,31.27,2.96,8.06,4.64,"[{'id': 1, 'type': 'face', 'x': 116, 'y': 5, 'w': 303, 'h': 398, 'score': 0.932}]",stream_annotated\annotated_yunet_20260614_003227_304007_f76.jpg
20260614_003227_491704,OpenCV YuNet ONNX neural face detector,raspberry_pi_4b_picamera2,77,18969,640,360,1,29.48,2.65,7.12,5.41,"[{'id': 1, 'type': 'face', 'x': 113, 'y': 7, 'w': 306, 'h': 394, 'score': 0.933}]",stream_annotated\annotated_yunet_20260614_003227_491704_f77.jpg
20260614_003227_693381,OpenCV YuNet ONNX neural face detector,raspberry_pi_4b_picamera2,78,18887,640,360,1,38.64,2.34,7.04,4.93,"[{'id': 1, 'type': 'face', 'x': 116, 'y': 7, 'w': 303, 'h': 393, 'score': 0.932}]",stream_annotated\annotated_yunet_20260614_003227_693381_f78.jpg
20260614_003227_896346,OpenCV YuNet ONNX neural face detector,raspberry_pi_4b_picamera2,79,18889,640,360,1,35.5,2.91,7.37,4.8,"[{'id': 1, 'type': 'face', 'x': 113, 'y': 7, 'w': 306, 'h': 394, 'score': 0.932}]",stream_annotated\annotated_yunet_20260614_003227_896346_f79.jpg
20260614_003228_086386,OpenCV YuNet ONNX neural face detector,raspberry_pi_4b_picamera2,80,18801,640,360,1,41.03,2.15,6.19,5.26,"[{'id': 1, 'type': 'face', 'x': 116, 'y': 8, 'w': 302, 'h': 395, 'score': 0.933}]",stream_annotated\annotated_yunet_20260614_003228_086386_f80.jpg
20260614_003228_272998,OpenCV YuNet ONNX neural face detector,raspberry_pi_4b_picamera2,81,16992,640,360,1,27.7,2.16,5.97,5.49,"[{'id': 1, 'type': 'face', 'x': 105, 'y': 11, 'w': 310, 'h': 381, 'score': 0.934}]",stream_annotated\annotated_yunet_20260614_003228_272998_f81.jpg
20260614_003228_476012,OpenCV YuNet ONNX neural face detector,raspberry_pi_4b_picamera2,82,19221,640,360,2,29.55,2.37,6.28,4.88,"[{'id': 1, 'type': 'face', 'x': 122, 'y': 19, 'w': 221, 'h': 258, 'score': 0.942}, {'id': 2, 'type': 'face', 'x': 466, 'y': 49, 'w': 174, 'h': 275, 'score': 0.937}]",stream_annotated\annotated_yunet_20260614_003228_476012_f82.jpg
20260614_003228_683048,OpenCV YuNet ONNX neural face detector,raspberry_pi_4b_picamera2,83,21591,640,360,2,27.87,2.64,7.06,4.83,"[{'id': 1, 'type': 'face', 'x': -4, 'y': 9, 'w': 180, 'h': 243, 'score': 0.945}, {'id': 2, 'type': 'face', 'x': 315, 'y': 29, 'w': 214, 'h': 267, 'score': 0.944}]",stream_annotated\annotated_yunet_20260614_003228_683048_f83.jpg
20260614_003228_893321,OpenCV YuNet ONNX neural face detector,raspberry_pi_4b_picamera2,84,21445,640,360,2,37.05,4.04,7.14,4.77,"[{'id': 1, 'type': 'face', 'x': -4, 'y': 9, 'w': 180, 'h': 245, 'score': 0.946}, {'id': 2, 'type': 'face', 'x': 314, 'y': 27, 'w': 217, 'h': 269, 'score': 0.943}]",stream_annotated\annotated_yunet_20260614_003228_893321_f84.jpg
20260614_003229_087406,OpenCV YuNet ONNX neural face detector,raspberry_pi_4b_picamera2,85,21477,640,360,2,27.24,3.03,7.08,5.23,"[{'id': 1, 'type': 'face', 'x': -3, 'y': 9, 'w': 180, 'h': 243, 'score': 0.945}, {'id': 2, 'type': 'face', 'x': 315, 'y': 27, 'w': 214, 'h': 269, 'score': 0.941}]",stream_annotated\annotated_yunet_20260614_003229_087406_f85.jpg
20260614_003229_299173,OpenCV YuNet ONNX neural face detector,raspberry_pi_4b_picamera2,86,21409,640,360,2,30.31,4.37,8.17,4.69,"[{'id': 1, 'type': 'face', 'x': -4, 'y': 9, 'w': 180, 'h': 245, 'score': 0.946}, {'id': 2, 'type': 'face', 'x': 314, 'y': 27, 'w': 218, 'h': 269, 'score': 0.942}]",stream_annotated\annotated_yunet_20260614_003229_299173_f86.jpg
20260614_003229_499917,OpenCV YuNet ONNX neural face detector,raspberry_pi_4b_picamera2,87,21392,640,360,2,30.78,3.14,8.23,5.02,"[{'id': 1, 'type': 'face', 'x': -4, 'y': 8, 'w': 180, 'h': 246, 'score': 0.947}, {'id': 2, 'type': 'face', 'x': 314, 'y': 28, 'w': 218, 'h': 268, 'score': 0.943}]",stream_annotated\annotated_yunet_20260614_003229_499917_f87.jpg
20260614_003229_703033,OpenCV YuNet ONNX neural face detector,raspberry_pi_4b_picamera2,88,21368,640,360,2,32.1,2.65,8.15,4.95,"[{'id': 1, 'type': 'face', 'x': -4, 'y': 8, 'w': 181, 'h': 246, 'score': 0.945}, {'id': 2, 'type': 'face', 'x': 314, 'y': 28, 'w': 216, 'h': 269, 'score': 0.942}]",stream_annotated\annotated_yunet_20260614_003229_703033_f88.jpg
20260614_003229_882180,OpenCV YuNet ONNX neural face detector,raspberry_pi_4b_picamera2,89,21241,640,360,2,27.9,1.8,8.35,5.42,"[{'id': 1, 'type': 'face', 'x': -3, 'y': 8, 'w': 179, 'h': 245, 'score': 0.947}, {'id': 2, 'type': 'face', 'x': 314, 'y': 29, 'w': 216, 'h': 267, 'score': 0.943}]",stream_annotated\annotated_yunet_20260614_003229_882180_f89.jpg
20260614_003230_078158,OpenCV YuNet ONNX neural face detector,raspberry_pi_4b_picamera2,90,20924,640,360,2,24.06,1.8,7.28,5.21,"[{'id': 1, 'type': 'face', 'x': -3, 'y': 8, 'w': 179, 'h': 245, 'score': 0.946}, {'id': 2, 'type': 'face', 'x': 315, 'y': 28, 'w': 214, 'h': 269, 'score': 0.942}]",stream_annotated\annotated_yunet_20260614_003230_078158_f90.jpg
20260614_003230_279102,OpenCV YuNet ONNX neural face detector,raspberry_pi_4b_picamera2,91,20952,640,360,2,29.84,1.88,7.2,4.88,"[{'id': 1, 'type': 'face', 'x': -3, 'y': 9, 'w': 178, 'h': 244, 'score': 0.944}, {'id': 2, 'type': 'face', 'x': 315, 'y': 26, 'w': 207, 'h': 270, 'score': 0.942}]",stream_annotated\annotated_yunet_20260614_003230_279102_f91.jpg
20260614_003230_490132,OpenCV YuNet ONNX neural face detector,raspberry_pi_4b_picamera2,92,20720,640,360,2,32.04,2.0,7.45,4.86,"[{'id': 1, 'type': 'face', 'x': -3, 'y': 9, 'w': 177, 'h': 244, 'score': 0.945}, {'id': 2, 'type': 'face', 'x': 314, 'y': 30, 'w': 216, 'h': 264, 'score': 0.937}]",stream_annotated\annotated_yunet_20260614_003230_490132_f92.jpg
20260614_003230_680645,OpenCV YuNet ONNX neural face detector,raspberry_pi_4b_picamera2,93,25262,640,360,5,26.46,2.04,7.51,5.16,"[{'id': 1, 'type': 'face', 'x': 0, 'y': 11, 'w': 171, 'h': 237, 'score': 0.892}, {'id': 2, 'type': 'face', 'x': 535, 'y': 192, 'w': 103, 'h': 155, 'score': 0.885}, {'id': 3, 'type': 'face', 'x': 481, 'y': 96, 'w': 66, 'h': 80, 'score': 0.85}, {'id': 4, 'type': 'face', 'x': 567, 'y': 72, 'w': 63, 'h': 74, 'score': 0.799}, {'id': 5, 'type': 'face', 'x': 340, 'y': 190, 'w': 122, 'h': 115, 'score': 0.77}]",stream_annotated\annotated_yunet_20260614_003230_680645_f93.jpg
20260614_003230_877224,OpenCV YuNet ONNX neural face detector,raspberry_pi_4b_picamera2,94,26955,640,360,8,30.12,2.02,5.23,5.1,"[{'id': 1, 'type': 'face', 'x': 187, 'y': 39, 'w': 65, 'h': 77, 'score': 0.935}, {'id': 2, 'type': 'face', 'x': 97, 'y': 60, 'w': 68, 'h': 82, 'score': 0.933}, {'id': 3, 'type': 'face', 'x': 322, 'y': 128, 'w': 55, 'h': 71, 'score': 0.929}, {'id': 4, 'type': 'face', 'x': 401, 'y': 114, 'w': 76, 'h': 86, 'score': 0.926}, {'id': 5, 'type': 'face', 'x': 177, 'y': 160, 'w': 106, 'h': 143, 'score': 0.913}, {'id': 6, 'type': 'face', 'x': 288, 'y': 53, 'w': 49, 'h': 61, 'score': 0.908}, {'id': 7, 'type': 'face', 'x': -9, 'y': 152, 'w': 92, 'h': 112, 'score': 0.898}, {'id': 8, 'type': 'face', 'x': 396, 'y': 246, 'w': 155, 'h': 146, 'score': 0.873}]",stream_annotated\annotated_yunet_20260614_003230_877224_f94.jpg
20260614_003231_085314,OpenCV YuNet ONNX neural face detector,raspberry_pi_4b_picamera2,95,29785,640,360,8,47.06,2.68,6.24,4.37,"[{'id': 1, 'type': 'face', 'x': 184, 'y': 37, 'w': 65, 'h': 79, 'score': 0.939}, {'id': 2, 'type': 'face', 'x': 317, 'y': 127, 'w': 58, 'h': 73, 'score': 0.932}, {'id': 3, 'type': 'face', 'x': 96, 'y': 59, 'w': 64, 'h': 81, 'score': 0.929}, {'id': 4, 'type': 'face', 'x': 399, 'y': 112, 'w': 77, 'h': 89, 'score': 0.926}, {'id': 5, 'type': 'face', 'x': 285, 'y': 53, 'w': 49, 'h': 59, 'score': 0.919}, {'id': 6, 'type': 'face', 'x': 173, 'y': 157, 'w': 111, 'h': 145, 'score': 0.915}, {'id': 7, 'type': 'face', 'x': 2, 'y': 145, 'w': 76, 'h': 118, 'score': 0.907}, {'id': 8, 'type': 'face', 'x': 394, 'y': 246, 'w': 144, 'h': 145, 'score': 0.892}]",stream_annotated\annotated_yunet_20260614_003231_085314_f95.jpg
20260614_003231_294409,OpenCV YuNet ONNX neural face detector,raspberry_pi_4b_picamera2,96,29609,640,360,8,31.14,2.46,6.7,5.32,"[{'id': 1, 'type': 'face', 'x': 184, 'y': 36, 'w': 64, 'h': 79, 'score': 0.939}, {'id': 2, 'type': 'face', 'x': 317, 'y': 127, 'w': 58, 'h': 73, 'score': 0.932}, {'id': 3, 'type': 'face', 'x': 96, 'y': 59, 'w': 64, 'h': 81, 'score': 0.931}, {'id': 4, 'type': 'face', 'x': 400, 'y': 113, 'w': 76, 'h': 89, 'score': 0.926}, {'id': 5, 'type': 'face', 'x': 174, 'y': 157, 'w': 110, 'h': 145, 'score': 0.916}, {'id': 6, 'type': 'face', 'x': 285, 'y': 52, 'w': 49, 'h': 60, 'score': 0.916}, {'id': 7, 'type': 'face', 'x': 1, 'y': 148, 'w': 75, 'h': 115, 'score': 0.906}, {'id': 8, 'type': 'face', 'x': 395, 'y': 245, 'w': 144, 'h': 145, 'score': 0.892}]",stream_annotated\annotated_yunet_20260614_003231_294409_f96.jpg
20260614_003231_497570,OpenCV YuNet ONNX neural face detector,raspberry_pi_4b_picamera2,97,29967,640,360,8,36.47,2.7,6.23,4.81,"[{'id': 1, 'type': 'face', 'x': 185, 'y': 36, 'w': 64, 'h': 79, 'score': 0.938}, {'id': 2, 'type': 'face', 'x': 317, 'y': 127, 'w': 57, 'h': 73, 'score': 0.933}, {'id': 3, 'type': 'face', 'x': 96, 'y': 59, 'w': 65, 'h': 82, 'score': 0.931}, {'id': 4, 'type': 'face', 'x': 400, 'y': 112, 'w': 75, 'h': 89, 'score': 0.928}, {'id': 5, 'type': 'face', 'x': 285, 'y': 52, 'w': 49, 'h': 60, 'score': 0.919}, {'id': 6, 'type': 'face', 'x': 175, 'y': 157, 'w': 109, 'h': 144, 'score': 0.912}, {'id': 7, 'type': 'face', 'x': 1, 'y': 145, 'w': 75, 'h': 118, 'score': 0.906}, {'id': 8, 'type': 'face', 'x': 395, 'y': 245, 'w': 142, 'h': 145, 'score': 0.891}]",stream_annotated\annotated_yunet_20260614_003231_497570_f97.jpg
20260614_003231_713991,OpenCV YuNet ONNX neural face detector,raspberry_pi_4b_picamera2,98,30124,640,360,8,54.98,2.72,7.42,4.71,"[{'id': 1, 'type': 'face', 'x': 184, 'y': 36, 'w': 65, 'h': 80, 'score': 0.938}, {'id': 2, 'type': 'face', 'x': 317, 'y': 128, 'w': 58, 'h': 73, 'score': 0.935}, {'id': 3, 'type': 'face', 'x': 96, 'y': 59, 'w': 64, 'h': 81, 'score': 0.931}, {'id': 4, 'type': 'face', 'x': 400, 'y': 113, 'w': 76, 'h': 89, 'score': 0.924}, {'id': 5, 'type': 'face', 'x': 174, 'y': 157, 'w': 111, 'h': 144, 'score': 0.915}, {'id': 6, 'type': 'face', 'x': 285, 'y': 52, 'w': 49, 'h': 60, 'score': 0.913}, {'id': 7, 'type': 'face', 'x': 1, 'y': 147, 'w': 75, 'h': 116, 'score': 0.904}, {'id': 8, 'type': 'face', 'x': 393, 'y': 245, 'w': 147, 'h': 146, 'score': 0.885}]",stream_annotated\annotated_yunet_20260614_003231_713991_f98.jpg
20260614_003231_898285,OpenCV YuNet ONNX neural face detector,raspberry_pi_4b_picamera2,99,30203,640,360,8,46.8,2.67,7.43,5.22,"[{'id': 1, 'type': 'face', 'x': 184, 'y': 36, 'w': 65, 'h': 80, 'score': 0.938}, {'id': 2, 'type': 'face', 'x': 317, 'y': 127, 'w': 58, 'h': 73, 'score': 0.935}, {'id': 3, 'type': 'face', 'x': 96, 'y': 59, 'w': 65, 'h': 81, 'score': 0.931}, {'id': 4, 'type': 'face', 'x': 400, 'y': 112, 'w': 76, 'h': 89, 'score': 0.925}, {'id': 5, 'type': 'face', 'x': 285, 'y': 53, 'w': 49, 'h': 60, 'score': 0.915}, {'id': 6, 'type': 'face', 'x': 174, 'y': 156, 'w': 111, 'h': 145, 'score': 0.911}, {'id': 7, 'type': 'face', 'x': 1, 'y': 145, 'w': 75, 'h': 117, 'score': 0.906}, {'id': 8, 'type': 'face', 'x': 394, 'y': 246, 'w': 148, 'h': 145, 'score': 0.886}]",stream_annotated\annotated_yunet_20260614_003231_898285_f99.jpg
20260614_003232_081029,OpenCV YuNet ONNX neural face detector,raspberry_pi_4b_picamera2,100,30279,640,360,8,24.01,2.66,7.56,5.8,"[{'id': 1, 'type': 'face', 'x': 184, 'y': 36, 'w': 64, 'h': 80, 'score': 0.939}, {'id': 2, 'type': 'face', 'x': 317, 'y': 128, 'w': 57, 'h': 73, 'score': 0.935}, {'id': 3, 'type': 'face', 'x': 96, 'y': 59, 'w': 65, 'h': 82, 'score': 0.93}, {'id': 4, 'type': 'face', 'x': 399, 'y': 112, 'w': 76, 'h': 89, 'score': 0.926}, {'id': 5, 'type': 'face', 'x': 285, 'y': 52, 'w': 49, 'h': 60, 'score': 0.918}, {'id': 6, 'type': 'face', 'x': 175, 'y': 155, 'w': 110, 'h': 145, 'score': 0.914}, {'id': 7, 'type': 'face', 'x': 1, 'y': 147, 'w': 76, 'h': 117, 'score': 0.9}, {'id': 8, 'type': 'face', 'x': 395, 'y': 245, 'w': 148, 'h': 147, 'score': 0.887}]",stream_annotated\annotated_yunet_20260614_003232_081029_f100.jpg
20260614_003232_307828,OpenCV YuNet ONNX neural face detector,raspberry_pi_4b_picamera2,101,30483,640,360,8,45.1,3.06,8.6,4.34,"[{'id': 1, 'type': 'face', 'x': 185, 'y': 36, 'w': 64, 'h': 79, 'score': 0.937}, {'id': 2, 'type': 'face', 'x': 317, 'y': 127, 'w': 58, 'h': 74, 'score': 0.932}, {'id': 3, 'type': 'face', 'x': 97, 'y': 59, 'w': 64, 'h': 81, 'score': 0.93}, {'id': 4, 'type': 'face', 'x': 400, 'y': 112, 'w': 75, 'h': 89, 'score': 0.926}, {'id': 5, 'type': 'face', 'x': 285, 'y': 52, 'w': 49, 'h': 60, 'score': 0.915}, {'id': 6, 'type': 'face', 'x': 174, 'y': 157, 'w': 111, 'h': 145, 'score': 0.914}, {'id': 7, 'type': 'face', 'x': 1, 'y': 145, 'w': 74, 'h': 118, 'score': 0.902}, {'id': 8, 'type': 'face', 'x': 394, 'y': 246, 'w': 147, 'h': 145, 'score': 0.885}]",stream_annotated\annotated_yunet_20260614_003232_307828_f101.jpg
20260614_003232_523253,OpenCV YuNet ONNX neural face detector,raspberry_pi_4b_picamera2,102,30621,640,360,8,35.2,3.07,8.65,4.69,"[{'id': 1, 'type': 'face', 'x': 185, 'y': 37, 'w': 64, 'h': 78, 'score': 0.939}, {'id': 2, 'type': 'face', 'x': 317, 'y': 128, 'w': 58, 'h': 73, 'score': 0.934}, {'id': 3, 'type': 'face', 'x': 96, 'y': 59, 'w': 65, 'h': 81, 'score': 0.932}, {'id': 4, 'type': 'face', 'x': 399, 'y': 112, 'w': 77, 'h': 89, 'score': 0.925}, {'id': 5, 'type': 'face', 'x': 285, 'y': 52, 'w': 49, 'h': 59, 'score': 0.919}, {'id': 6, 'type': 'face', 'x': 175, 'y': 156, 'w': 111, 'h': 143, 'score': 0.911}, {'id': 7, 'type': 'face', 'x': 1, 'y': 145, 'w': 75, 'h': 118, 'score': 0.907}, {'id': 8, 'type': 'face', 'x': 393, 'y': 246, 'w': 147, 'h': 145, 'score': 0.884}]",stream_annotated\annotated_yunet_20260614_003232_523253_f102.jpg
20260614_003232_709372,OpenCV YuNet ONNX neural face detector,raspberry_pi_4b_picamera2,103,30772,640,360,9,29.48,3.12,8.66,5.32,"[{'id': 1, 'type': 'face', 'x': 184, 'y': 36, 'w': 64, 'h': 79, 'score': 0.938}, {'id': 2, 'type': 'face', 'x': 317, 'y': 128, 'w': 57, 'h': 72, 'score': 0.935}, {'id': 3, 'type': 'face', 'x': 95, 'y': 59, 'w': 65, 'h': 81, 'score': 0.931}, {'id': 4, 'type': 'face', 'x': 400, 'y': 112, 'w': 75, 'h': 89, 'score': 0.926}, {'id': 5, 'type': 'face', 'x': 285, 'y': 53, 'w': 49, 'h': 59, 'score': 0.915}, {'id': 6, 'type': 'face', 'x': 173, 'y': 156, 'w': 112, 'h': 147, 'score': 0.913}, {'id': 7, 'type': 'face', 'x': 1, 'y': 146, 'w': 76, 'h': 118, 'score': 0.898}, {'id': 8, 'type': 'face', 'x': 394, 'y': 246, 'w': 149, 'h': 144, 'score': 0.874}, {'id': 9, 'type': 'face', 'x': 92, 'y': 200, 'w': 49, 'h': 63, 'score': 0.763}]",stream_annotated\annotated_yunet_20260614_003232_709372_f103.jpg
20260614_003232_904688,OpenCV YuNet ONNX neural face detector,raspberry_pi_4b_picamera2,104,30410,640,360,8,34.83,3.09,8.56,5.17,"[{'id': 1, 'type': 'face', 'x': 184, 'y': 36, 'w': 64, 'h': 79, 'score': 0.938}, {'id': 2, 'type': 'face', 'x': 317, 'y': 127, 'w': 57, 'h': 73, 'score': 0.933}, {'id': 3, 'type': 'face', 'x': 96, 'y': 59, 'w': 64, 'h': 81, 'score': 0.931}, {'id': 4, 'type': 'face', 'x': 400, 'y': 112, 'w': 75, 'h': 89, 'score': 0.927}, {'id': 5, 'type': 'face', 'x': 285, 'y': 53, 'w': 49, 'h': 59, 'score': 0.919}, {'id': 6, 'type': 'face', 'x': 174, 'y': 156, 'w': 111, 'h': 145, 'score': 0.913}, {'id': 7, 'type': 'face', 'x': 1, 'y': 145, 'w': 76, 'h': 117, 'score': 0.906}, {'id': 8, 'type': 'face', 'x': 394, 'y': 245, 'w': 148, 'h': 145, 'score': 0.884}]",stream_annotated\annotated_yunet_20260614_003232_904688_f104.jpg
20260614_003233_108966,OpenCV YuNet ONNX neural face detector,raspberry_pi_4b_picamera2,105,30328,640,360,8,39.02,4.33,8.58,4.89,"[{'id': 1, 'type': 'face', 'x': 184, 'y': 36, 'w': 65, 'h': 80, 'score': 0.94}, {'id': 2, 'type': 'face', 'x': 317, 'y': 127, 'w': 57, 'h': 73, 'score': 0.934}, {'id': 3, 'type': 'face', 'x': 97, 'y': 59, 'w': 64, 'h': 81, 'score': 0.93}, {'id': 4, 'type': 'face', 'x': 400, 'y': 112, 'w': 75, 'h': 89, 'score': 0.926}, {'id': 5, 'type': 'face', 'x': 285, 'y': 52, 'w': 49, 'h': 60, 'score': 0.918}, {'id': 6, 'type': 'face', 'x': 174, 'y': 156, 'w': 111, 'h': 147, 'score': 0.917}, {'id': 7, 'type': 'face', 'x': 1, 'y': 145, 'w': 76, 'h': 117, 'score': 0.903}, {'id': 8, 'type': 'face', 'x': 393, 'y': 245, 'w': 149, 'h': 146, 'score': 0.884}]",stream_annotated\annotated_yunet_20260614_003233_108966_f105.jpg
20260614_003233_314957,OpenCV YuNet ONNX neural face detector,raspberry_pi_4b_picamera2,106,30508,640,360,8,50.31,3.59,8.65,4.82,"[{'id': 1, 'type': 'face', 'x': 184, 'y': 36, 'w': 65, 'h': 79, 'score': 0.938}, {'id': 2, 'type': 'face', 'x': 317, 'y': 127, 'w': 57, 'h': 73, 'score': 0.934}, {'id': 3, 'type': 'face', 'x': 96, 'y': 58, 'w': 65, 'h': 82, 'score': 0.93}, {'id': 4, 'type': 'face', 'x': 400, 'y': 112, 'w': 75, 'h': 90, 'score': 0.927}, {'id': 5, 'type': 'face', 'x': 285, 'y': 52, 'w': 49, 'h': 60, 'score': 0.92}, {'id': 6, 'type': 'face', 'x': 175, 'y': 156, 'w': 110, 'h': 145, 'score': 0.911}, {'id': 7, 'type': 'face', 'x': 2, 'y': 146, 'w': 75, 'h': 116, 'score': 0.904}, {'id': 8, 'type': 'face', 'x': 393, 'y': 245, 'w': 149, 'h': 145, 'score': 0.882}]",stream_annotated\annotated_yunet_20260614_003233_314957_f106.jpg
20260614_003233_497825,OpenCV YuNet ONNX neural face detector,raspberry_pi_4b_picamera2,107,30225,640,360,8,33.04,3.08,8.6,5.45,"[{'id': 1, 'type': 'face', 'x': 184, 'y': 36, 'w': 65, 'h': 80, 'score': 0.938}, {'id': 2, 'type': 'face', 'x': 317, 'y': 128, 'w': 57, 'h': 73, 'score': 0.933}, {'id': 3, 'type': 'face', 'x': 96, 'y': 59, 'w': 65, 'h': 82, 'score': 0.932}, {'id': 4, 'type': 'face', 'x': 400, 'y': 113, 'w': 75, 'h': 89, 'score': 0.926}, {'id': 5, 'type': 'face', 'x': 285, 'y': 52, 'w': 49, 'h': 59, 'score': 0.915}, {'id': 6, 'type': 'face', 'x': 173, 'y': 157, 'w': 112, 'h': 145, 'score': 0.914}, {'id': 7, 'type': 'face', 'x': 1, 'y': 147, 'w': 76, 'h': 116, 'score': 0.899}, {'id': 8, 'type': 'face', 'x': 394, 'y': 245, 'w': 147, 'h': 145, 'score': 0.882}]",stream_annotated\annotated_yunet_20260614_003233_497825_f107.jpg
20260614_003233_684858,OpenCV YuNet ONNX neural face detector,raspberry_pi_4b_picamera2,108,30410,640,360,8,28.64,1.89,7.35,5.42,"[{'id': 1, 'type': 'face', 'x': 184, 'y': 37, 'w': 64, 'h': 79, 'score': 0.936}, {'id': 2, 'type': 'face', 'x': 317, 'y': 127, 'w': 57, 'h': 73, 'score': 0.934}, {'id': 3, 'type': 'face', 'x': 96, 'y': 59, 'w': 65, 'h': 81, 'score': 0.93}, {'id': 4, 'type': 'face', 'x': 400, 'y': 112, 'w': 75, 'h': 88, 'score': 0.926}, {'id': 5, 'type': 'face', 'x': 285, 'y': 52, 'w': 49, 'h': 60, 'score': 0.913}, {'id': 6, 'type': 'face', 'x': 174, 'y': 156, 'w': 111, 'h': 146, 'score': 0.913}, {'id': 7, 'type': 'face', 'x': 1, 'y': 149, 'w': 74, 'h': 113, 'score': 0.897}, {'id': 8, 'type': 'face', 'x': 394, 'y': 245, 'w': 148, 'h': 146, 'score': 0.882}]",stream_annotated\annotated_yunet_20260614_003233_684858_f108.jpg
20260614_003233_900712,OpenCV YuNet ONNX neural face detector,raspberry_pi_4b_picamera2,109,29915,640,360,8,39.43,1.98,7.36,4.39,"[{'id': 1, 'type': 'face', 'x': 159, 'y': 32, 'w': 63, 'h': 82, 'score': 0.935}, {'id': 2, 'type': 'face', 'x': 67, 'y': 57, 'w': 68, 'h': 84, 'score': 0.933}, {'id': 3, 'type': 'face', 'x': 290, 'y': 124, 'w': 56, 'h': 73, 'score': 0.932}, {'id': 4, 'type': 'face', 'x': 371, 'y': 108, 'w': 74, 'h': 89, 'score': 0.919}, {'id': 5, 'type': 'face', 'x': 145, 'y': 159, 'w': 110, 'h': 143, 'score': 0.915}, {'id': 6, 'type': 'face', 'x': 259, 'y': 49, 'w': 47, 'h': 60, 'score': 0.914}, {'id': 7, 'type': 'face', 'x': 364, 'y': 243, 'w': 145, 'h': 147, 'score': 0.888}, {'id': 8, 'type': 'face', 'x': -2, 'y': 147, 'w': 53, 'h': 107, 'score': 0.853}]",stream_annotated\annotated_yunet_20260614_003233_900712_f109.jpg
20260614_003234_084564,OpenCV YuNet ONNX neural face detector,raspberry_pi_4b_picamera2,110,29277,640,360,7,42.17,2.22,6.47,5.44,"[{'id': 1, 'type': 'face', 'x': 143, 'y': 32, 'w': 65, 'h': 80, 'score': 0.938}, {'id': 2, 'type': 'face', 'x': 275, 'y': 122, 'w': 58, 'h': 74, 'score': 0.93}, {'id': 3, 'type': 'face', 'x': 56, 'y': 56, 'w': 64, 'h': 81, 'score': 0.924}, {'id': 4, 'type': 'face', 'x': 355, 'y': 109, 'w': 73, 'h': 87, 'score': 0.92}, {'id': 5, 'type': 'face', 'x': 245, 'y': 49, 'w': 47, 'h': 57, 'score': 0.918}, {'id': 6, 'type': 'face', 'x': 128, 'y': 152, 'w': 111, 'h': 146, 'score': 0.917}, {'id': 7, 'type': 'face', 'x': 346, 'y': 241, 'w': 148, 'h': 147, 'score': 0.884}]",stream_annotated\annotated_yunet_20260614_003234_084564_f110.jpg
20260614_003234_289919,OpenCV YuNet ONNX neural face detector,raspberry_pi_4b_picamera2,111,27718,640,360,7,46.32,2.22,6.47,5.0,"[{'id': 1, 'type': 'face', 'x': 118, 'y': 30, 'w': 64, 'h': 80, 'score': 0.942}, {'id': 2, 'type': 'face', 'x': 248, 'y': 117, 'w': 57, 'h': 75, 'score': 0.927}, {'id': 3, 'type': 'face', 'x': 31, 'y': 54, 'w': 64, 'h': 79, 'score': 0.92}, {'id': 4, 'type': 'face', 'x': 102, 'y': 147, 'w': 111, 'h': 146, 'score': 0.92}, {'id': 5, 'type': 'face', 'x': 326, 'y': 103, 'w': 76, 'h': 90, 'score': 0.913}, {'id': 6, 'type': 'face', 'x': 217, 'y': 46, 'w': 50, 'h': 59, 'score': 0.908}, {'id': 7, 'type': 'face', 'x': 320, 'y': 238, 'w': 142, 'h': 149, 'score': 0.896}]",stream_annotated\annotated_yunet_20260614_003234_289919_f111.jpg
20260614_003234_512268,OpenCV YuNet ONNX neural face detector,raspberry_pi_4b_picamera2,112,27954,640,360,7,29.54,2.4,5.8,4.54,"[{'id': 1, 'type': 'face', 'x': 86, 'y': 28, 'w': 63, 'h': 79, 'score': 0.94}, {'id': 2, 'type': 'face', 'x': 2, 'y': 53, 'w': 59, 'h': 77, 'score': 0.932}, {'id': 3, 'type': 'face', 'x': 213, 'y': 117, 'w': 55, 'h': 70, 'score': 0.929}, {'id': 4, 'type': 'face', 'x': 62, 'y': 143, 'w': 114, 'h': 146, 'score': 0.923}, {'id': 5, 'type': 'face', 'x': 184, 'y': 43, 'w': 50, 'h': 60, 'score': 0.917}, {'id': 6, 'type': 'face', 'x': 295, 'y': 101, 'w': 67, 'h': 82, 'score': 0.915}, {'id': 7, 'type': 'face', 'x': 286, 'y': 235, 'w': 134, 'h': 151, 'score': 0.904}]",stream_annotated\annotated_yunet_20260614_003234_512268_f112.jpg
20260614_003234_687301,OpenCV YuNet ONNX neural face detector,raspberry_pi_4b_picamera2,113,28581,640,360,7,34.85,2.41,5.78,5.76,"[{'id': 1, 'type': 'face', 'x': -1, 'y': 53, 'w': 52, 'h': 72, 'score': 0.935}, {'id': 2, 'type': 'face', 'x': 56, 'y': 142, 'w': 112, 'h': 151, 'score': 0.933}, {'id': 3, 'type': 'face', 'x': 76, 'y': 25, 'w': 64, 'h': 79, 'score': 0.931}, {'id': 4, 'type': 'face', 'x': 203, 'y': 115, 'w': 57, 'h': 72, 'score': 0.923}, {'id': 5, 'type': 'face', 'x': 176, 'y': 43, 'w': 48, 'h': 58, 'score': 0.91}, {'id': 6, 'type': 'face', 'x': 284, 'y': 99, 'w': 71, 'h': 87, 'score': 0.908}, {'id': 7, 'type': 'face', 'x': 275, 'y': 234, 'w': 136, 'h': 149, 'score': 0.906}]",stream_annotated\annotated_yunet_20260614_003234_687301_f113.jpg
20260614_003234_889673,OpenCV YuNet ONNX neural face detector,raspberry_pi_4b_picamera2,114,28559,640,360,7,35.5,2.42,6.59,4.98,"[{'id': 1, 'type': 'face', 'x': 2, 'y': 53, 'w': 47, 'h': 74, 'score': 0.947}, {'id': 2, 'type': 'face', 'x': 200, 'y': 116, 'w': 57, 'h': 72, 'score': 0.935}, {'id': 3, 'type': 'face', 'x': 73, 'y': 23, 'w': 64, 'h': 82, 'score': 0.932}, {'id': 4, 'type': 'face', 'x': 54, 'y': 142, 'w': 110, 'h': 149, 'score': 0.926}, {'id': 5, 'type': 'face', 'x': 280, 'y': 99, 'w': 72, 'h': 86, 'score': 0.911}, {'id': 6, 'type': 'face', 'x': 171, 'y': 44, 'w': 48, 'h': 59, 'score': 0.906}, {'id': 7, 'type': 'face', 'x': 271, 'y': 235, 'w': 131, 'h': 148, 'score': 0.902}]",stream_annotated\annotated_yunet_20260614_003234_889673_f114.jpg
20260614_003235_094014,OpenCV YuNet ONNX neural face detector,raspberry_pi_4b_picamera2,115,27792,640,360,7,37.3,2.62,7.34,4.87,"[{'id': 1, 'type': 'face', 'x': 1, 'y': 53, 'w': 47, 'h': 75, 'score': 0.946}, {'id': 2, 'type': 'face', 'x': 73, 'y': 23, 'w': 64, 'h': 82, 'score': 0.929}, {'id': 3, 'type': 'face', 'x': 53, 'y': 143, 'w': 111, 'h': 149, 'score': 0.926}, {'id': 4, 'type': 'face', 'x': 202, 'y': 115, 'w': 55, 'h': 72, 'score': 0.926}, {'id': 5, 'type': 'face', 'x': 282, 'y': 100, 'w': 67, 'h': 84, 'score': 0.909}, {'id': 6, 'type': 'face', 'x': 173, 'y': 44, 'w': 47, 'h': 58, 'score': 0.906}, {'id': 7, 'type': 'face', 'x': 271, 'y': 235, 'w': 135, 'h': 148, 'score': 0.899}]",stream_annotated\annotated_yunet_20260614_003235_094014_f115.jpg
20260614_003235_293533,OpenCV YuNet ONNX neural face detector,raspberry_pi_4b_picamera2,116,28836,640,360,7,30.47,2.98,8.55,4.99,"[{'id': 1, 'type': 'face', 'x': 86, 'y': 27, 'w': 63, 'h': 80, 'score': 0.94}, {'id': 2, 'type': 'face', 'x': 2, 'y': 53, 'w': 60, 'h': 77, 'score': 0.932}, {'id': 3, 'type': 'face', 'x': 215, 'y': 116, 'w': 55, 'h': 73, 'score': 0.931}, {'id': 4, 'type': 'face', 'x': 63, 'y': 144, 'w': 114, 'h': 145, 'score': 0.922}, {'id': 5, 'type': 'face', 'x': 185, 'y': 44, 'w': 48, 'h': 59, 'score': 0.919}, {'id': 6, 'type': 'face', 'x': 293, 'y': 99, 'w': 74, 'h': 88, 'score': 0.915}, {'id': 7, 'type': 'face', 'x': 285, 'y': 234, 'w': 142, 'h': 152, 'score': 0.906}]",stream_annotated\annotated_yunet_20260614_003235_293533_f116.jpg
20260614_003235_511224,OpenCV YuNet ONNX neural face detector,raspberry_pi_4b_picamera2,117,28770,640,360,7,35.52,3.0,8.53,4.68,"[{'id': 1, 'type': 'face', 'x': 111, 'y': 28, 'w': 65, 'h': 81, 'score': 0.937}, {'id': 2, 'type': 'face', 'x': 241, 'y': 117, 'w': 56, 'h': 75, 'score': 0.929}, {'id': 3, 'type': 'face', 'x': 93, 'y': 149, 'w': 112, 'h': 143, 'score': 0.921}, {'id': 4, 'type': 'face', 'x': 26, 'y': 52, 'w': 62, 'h': 78, 'score': 0.921}, {'id': 5, 'type': 'face', 'x': 322, 'y': 103, 'w': 72, 'h': 88, 'score': 0.917}, {'id': 6, 'type': 'face', 'x': 213, 'y': 45, 'w': 46, 'h': 56, 'score': 0.912}, {'id': 7, 'type': 'face', 'x': 315, 'y': 238, 'w': 137, 'h': 148, 'score': 0.902}]",stream_annotated\annotated_yunet_20260614_003235_511224_f117.jpg
20260614_003235_742357,OpenCV YuNet ONNX neural face detector,raspberry_pi_4b_picamera2,118,29706,640,360,7,44.87,3.02,8.5,4.32,"[{'id': 1, 'type': 'face', 'x': 128, 'y': 28, 'w': 65, 'h': 83, 'score': 0.935}, {'id': 2, 'type': 'face', 'x': 258, 'y': 121, 'w': 57, 'h': 74, 'score': 0.93}, {'id': 3, 'type': 'face', 'x': 41, 'y': 56, 'w': 63, 'h': 80, 'score': 0.928}, {'id': 4, 'type': 'face', 'x': 114, 'y': 153, 'w': 111, 'h': 143, 'score': 0.923}, {'id': 5, 'type': 'face', 'x': 340, 'y': 107, 'w': 73, 'h': 87, 'score': 0.914}, {'id': 6, 'type': 'face', 'x': 228, 'y': 46, 'w': 47, 'h': 59, 'score': 0.913}, {'id': 7, 'type': 'face', 'x': 331, 'y': 240, 'w': 138, 'h': 147, 'score': 0.888}]",stream_annotated\annotated_yunet_20260614_003235_742357_f118.jpg
20260614_003235_907841,OpenCV YuNet ONNX neural face detector,raspberry_pi_4b_picamera2,119,30019,640,360,8,35.68,2.98,8.95,5.95,"[{'id': 1, 'type': 'face', 'x': 182, 'y': 36, 'w': 65, 'h': 79, 'score': 0.945}, {'id': 2, 'type': 'face', 'x': 316, 'y': 128, 'w': 57, 'h': 73, 'score': 0.934}, {'id': 3, 'type': 'face', 'x': 93, 'y': 61, 'w': 65, 'h': 79, 'score': 0.929}, {'id': 4, 'type': 'face', 'x': 397, 'y': 111, 'w': 74, 'h': 91, 'score': 0.926}, {'id': 5, 'type': 'face', 'x': 171, 'y': 156, 'w': 112, 'h': 145, 'score': 0.917}, {'id': 6, 'type': 'face', 'x': 282, 'y': 53, 'w': 49, 'h': 60, 'score': 0.915}, {'id': 7, 'type': 'face', 'x': -7, 'y': 146, 'w': 86, 'h': 111, 'score': 0.894}, {'id': 8, 'type': 'face', 'x': 392, 'y': 243, 'w': 148, 'h': 149, 'score': 0.893}]",stream_annotated\annotated_yunet_20260614_003235_907841_f119.jpg
20260614_003236_073314,OpenCV YuNet ONNX neural face detector,raspberry_pi_4b_picamera2,120,30478,640,360,8,25.89,1.43,3.05,6.09,"[{'id': 1, 'type': 'face', 'x': 184, 'y': 37, 'w': 64, 'h': 79, 'score': 0.939}, {'id': 2, 'type': 'face', 'x': 317, 'y': 128, 'w': 57, 'h': 72, 'score': 0.934}, {'id': 3, 'type': 'face', 'x': 96, 'y': 59, 'w': 64, 'h': 81, 'score': 0.932}, {'id': 4, 'type': 'face', 'x': 400, 'y': 113, 'w': 75, 'h': 88, 'score': 0.926}, {'id': 5, 'type': 'face', 'x': 285, 'y': 53, 'w': 48, 'h': 58, 'score': 0.918}, {'id': 6, 'type': 'face', 'x': 174, 'y': 156, 'w': 111, 'h': 146, 'score': 0.916}, {'id': 7, 'type': 'face', 'x': 1, 'y': 148, 'w': 75, 'h': 115, 'score': 0.897}, {'id': 8, 'type': 'face', 'x': 394, 'y': 244, 'w': 149, 'h': 146, 'score': 0.886}]",stream_annotated\annotated_yunet_20260614_003236_073314_f120.jpg
20260614_003236_274029,OpenCV YuNet ONNX neural face detector,raspberry_pi_4b_picamera2,121,30339,640,360,8,36.18,1.43,3.06,5.0,"[{'id': 1, 'type': 'face', 'x': 185, 'y': 37, 'w': 64, 'h': 79, 'score': 0.938}, {'id': 2, 'type': 'face', 'x': 317, 'y': 127, 'w': 58, 'h': 73, 'score': 0.934}, {'id': 3, 'type': 'face', 'x': 96, 'y': 59, 'w': 64, 'h': 81, 'score': 0.93}, {'id': 4, 'type': 'face', 'x': 400, 'y': 112, 'w': 75, 'h': 89, 'score': 0.927}, {'id': 5, 'type': 'face', 'x': 173, 'y': 156, 'w': 112, 'h': 146, 'score': 0.916}, {'id': 6, 'type': 'face', 'x': 285, 'y': 52, 'w': 49, 'h': 60, 'score': 0.913}, {'id': 7, 'type': 'face', 'x': 1, 'y': 146, 'w': 76, 'h': 117, 'score': 0.9}, {'id': 8, 'type': 'face', 'x': 393, 'y': 245, 'w': 148, 'h': 146, 'score': 0.886}]",stream_annotated\annotated_yunet_20260614_003236_274029_f121.jpg
20260614_003236_479309,OpenCV YuNet ONNX neural face detector,raspberry_pi_4b_picamera2,122,30383,640,360,8,42.05,1.42,3.07,4.88,"[{'id': 1, 'type': 'face', 'x': 184, 'y': 37, 'w': 64, 'h': 79, 'score': 0.939}, {'id': 2, 'type': 'face', 'x': 317, 'y': 128, 'w': 58, 'h': 73, 'score': 0.934}, {'id': 3, 'type': 'face', 'x': 96, 'y': 59, 'w': 64, 'h': 81, 'score': 0.932}, {'id': 4, 'type': 'face', 'x': 400, 'y': 112, 'w': 74, 'h': 89, 'score': 0.926}, {'id': 5, 'type': 'face', 'x': 285, 'y': 52, 'w': 49, 'h': 60, 'score': 0.916}, {'id': 6, 'type': 'face', 'x': 174, 'y': 156, 'w': 110, 'h': 145, 'score': 0.914}, {'id': 7, 'type': 'face', 'x': 1, 'y': 145, 'w': 75, 'h': 116, 'score': 0.903}, {'id': 8, 'type': 'face', 'x': 394, 'y': 245, 'w': 149, 'h': 145, 'score': 0.885}]",stream_annotated\annotated_yunet_20260614_003236_479309_f122.jpg
20260614_003236_679756,OpenCV YuNet ONNX neural face detector,raspberry_pi_4b_picamera2,123,30125,640,360,8,41.17,1.46,3.08,5.0,"[{'id': 1, 'type': 'face', 'x': 184, 'y': 37, 'w': 64, 'h': 79, 'score': 0.939}, {'id': 2, 'type': 'face', 'x': 317, 'y': 128, 'w': 58, 'h': 73, 'score': 0.934}, {'id': 3, 'type': 'face', 'x': 96, 'y': 59, 'w': 65, 'h': 81, 'score': 0.931}, {'id': 4, 'type': 'face', 'x': 399, 'y': 109, 'w': 76, 'h': 93, 'score': 0.923}, {'id': 5, 'type': 'face', 'x': 285, 'y': 52, 'w': 49, 'h': 59, 'score': 0.914}, {'id': 6, 'type': 'face', 'x': 173, 'y': 157, 'w': 111, 'h': 145, 'score': 0.912}, {'id': 7, 'type': 'face', 'x': 1, 'y': 145, 'w': 75, 'h': 117, 'score': 0.905}, {'id': 8, 'type': 'face', 'x': 394, 'y': 245, 'w': 148, 'h': 146, 'score': 0.886}]",stream_annotated\annotated_yunet_20260614_003236_679756_f123.jpg
20260614_003236_884194,OpenCV YuNet ONNX neural face detector,raspberry_pi_4b_picamera2,124,28610,640,360,9,46.91,1.45,3.07,4.88,"[{'id': 1, 'type': 'face', 'x': 317, 'y': 172, 'w': 143, 'h': 147, 'score': 0.898}, {'id': 2, 'type': 'face', 'x': 278, 'y': 78, 'w': 61, 'h': 76, 'score': 0.89}, {'id': 3, 'type': 'face', 'x': 230, 'y': 75, 'w': 62, 'h': 79, 'score': 0.884}, {'id': 4, 'type': 'face', 'x': 86, 'y': 167, 'w': 87, 'h': 106, 'score': 0.824}, {'id': 5, 'type': 'face', 'x': 184, 'y': 71, 'w': 54, 'h': 75, 'score': 0.821}, {'id': 6, 'type': 'face', 'x': 461, 'y': 142, 'w': 59, 'h': 78, 'score': 0.776}, {'id': 7, 'type': 'face', 'x': 189, 'y': 170, 'w': 72, 'h': 102, 'score': 0.774}, {'id': 8, 'type': 'face', 'x': 329, 'y': 57, 'w': 53, 'h': 63, 'score': 0.768}, {'id': 9, 'type': 'face', 'x': 494, 'y': 144, 'w': 62, 'h': 74, 'score': 0.76}]",stream_annotated\annotated_yunet_20260614_003236_884194_f124.jpg
20260614_003237_092077,OpenCV YuNet ONNX neural face detector,raspberry_pi_4b_picamera2,125,19726,640,360,2,85.04,1.41,2.96,3.8,"[{'id': 1, 'type': 'face', 'x': 232, 'y': 18, 'w': 246, 'h': 285, 'score': 0.939}, {'id': 2, 'type': 'face', 'x': -2, 'y': 6, 'w': 146, 'h': 240, 'score': 0.896}]",stream_annotated\annotated_yunet_20260614_003237_092077_f125.jpg
20260614_003237_262144,OpenCV YuNet ONNX neural face detector,raspberry_pi_4b_picamera2,126,21243,640,360,2,30.55,1.42,3.14,8.5,"[{'id': 1, 'type': 'face', 'x': -3, 'y': 8, 'w': 178, 'h': 245, 'score': 0.945}, {'id': 2, 'type': 'face', 'x': 313, 'y': 29, 'w': 216, 'h': 267, 'score': 0.94}]",stream_annotated\annotated_yunet_20260614_003237_262144_f126.jpg
20260614_003237_481002,OpenCV YuNet ONNX neural face detector,raspberry_pi_4b_picamera2,127,21350,640,360,2,49.41,1.42,2.91,4.57,"[{'id': 1, 'type': 'face', 'x': -3, 'y': 7, 'w': 178, 'h': 247, 'score': 0.944}, {'id': 2, 'type': 'face', 'x': 315, 'y': 29, 'w': 217, 'h': 269, 'score': 0.94}]",stream_annotated\annotated_yunet_20260614_003237_481002_f127.jpg
20260614_003237_667299,OpenCV YuNet ONNX neural face detector,raspberry_pi_4b_picamera2,128,21315,640,360,2,37.11,1.47,2.9,5.3,"[{'id': 1, 'type': 'face', 'x': -3, 'y': 8, 'w': 179, 'h': 246, 'score': 0.944}, {'id': 2, 'type': 'face', 'x': 314, 'y': 26, 'w': 218, 'h': 271, 'score': 0.94}]",stream_annotated\annotated_yunet_20260614_003237_667299_f128.jpg
20260614_003237_871722,OpenCV YuNet ONNX neural face detector,raspberry_pi_4b_picamera2,129,21282,640,360,2,39.11,1.44,2.9,4.96,"[{'id': 1, 'type': 'face', 'x': -3, 'y': 8, 'w': 179, 'h': 248, 'score': 0.944}, {'id': 2, 'type': 'face', 'x': 314, 'y': 28, 'w': 218, 'h': 269, 'score': 0.941}]",stream_annotated\annotated_yunet_20260614_003237_871722_f129.jpg
20260614_003238_063862,OpenCV YuNet ONNX neural face detector,raspberry_pi_4b_picamera2,130,21152,640,360,2,22.52,1.42,2.91,5.29,"[{'id': 1, 'type': 'face', 'x': -3, 'y': 8, 'w': 179, 'h': 247, 'score': 0.945}, {'id': 2, 'type': 'face', 'x': 314, 'y': 30, 'w': 216, 'h': 268, 'score': 0.941}]",stream_annotated\annotated_yunet_20260614_003238_063862_f130.jpg
20260614_003238_291521,OpenCV YuNet ONNX neural face detector,raspberry_pi_4b_picamera2,131,21081,640,360,2,46.89,1.41,2.92,4.38,"[{'id': 1, 'type': 'face', 'x': -3, 'y': 8, 'w': 179, 'h': 245, 'score': 0.943}, {'id': 2, 'type': 'face', 'x': 313, 'y': 30, 'w': 218, 'h': 266, 'score': 0.94}]",stream_annotated\annotated_yunet_20260614_003238_291521_f131.jpg
20260614_003238_464319,OpenCV YuNet ONNX neural face detector,raspberry_pi_4b_picamera2,132,21073,640,360,2,27.45,1.44,3.18,5.72,"[{'id': 1, 'type': 'face', 'x': -3, 'y': 9, 'w': 176, 'h': 244, 'score': 0.943}, {'id': 2, 'type': 'face', 'x': 315, 'y': 30, 'w': 216, 'h': 268, 'score': 0.939}]",stream_annotated\annotated_yunet_20260614_003238_464319_f132.jpg
20260614_003238_712500,OpenCV YuNet ONNX neural face detector,raspberry_pi_4b_picamera2,133,20924,640,360,2,54.79,1.46,3.21,4.09,"[{'id': 1, 'type': 'face', 'x': -3, 'y': 8, 'w': 177, 'h': 245, 'score': 0.943}, {'id': 2, 'type': 'face', 'x': 312, 'y': 29, 'w': 225, 'h': 270, 'score': 0.942}]",stream_annotated\annotated_yunet_20260614_003238_712500_f133.jpg
20260614_003238_864633,OpenCV YuNet ONNX neural face detector,raspberry_pi_4b_picamera2,134,20665,640,360,2,32.96,1.44,3.18,6.43,"[{'id': 1, 'type': 'face', 'x': -3, 'y': 8, 'w': 177, 'h': 244, 'score': 0.943}, {'id': 2, 'type': 'face', 'x': 314, 'y': 29, 'w': 210, 'h': 266, 'score': 0.94}]",stream_annotated\annotated_yunet_20260614_003238_864633_f134.jpg
20260614_003239_068190,OpenCV YuNet ONNX neural face detector,raspberry_pi_4b_picamera2,135,18233,640,360,1,26.84,1.42,3.13,5.0,"[{'id': 1, 'type': 'face', 'x': 191, 'y': 28, 'w': 226, 'h': 261, 'score': 0.911}]",stream_annotated\annotated_yunet_20260614_003239_068190_f135.jpg
20260614_003239_267208,OpenCV YuNet ONNX neural face detector,raspberry_pi_4b_picamera2,136,15814,640,360,1,32.23,1.96,3.09,4.94,"[{'id': 1, 'type': 'face', 'x': 72, 'y': 11, 'w': 318, 'h': 387, 'score': 0.931}]",stream_annotated\annotated_yunet_20260614_003239_267208_f136.jpg
20260614_003239_464034,OpenCV YuNet ONNX neural face detector,raspberry_pi_4b_picamera2,137,17624,640,360,1,34.95,1.62,3.19,4.94,"[{'id': 1, 'type': 'face', 'x': 115, 'y': 13, 'w': 303, 'h': 391, 'score': 0.932}]",stream_annotated\annotated_yunet_20260614_003239_464034_f137.jpg
20260614_003239_666755,OpenCV YuNet ONNX neural face detector,raspberry_pi_4b_picamera2,138,17537,640,360,1,34.82,1.96,2.88,5.01,"[{'id': 1, 'type': 'face', 'x': 116, 'y': 12, 'w': 303, 'h': 396, 'score': 0.932}]",stream_annotated\annotated_yunet_20260614_003239_666755_f138.jpg
20260614_003239_862774,OpenCV YuNet ONNX neural face detector,raspberry_pi_4b_picamera2,139,17647,640,360,1,29.33,1.44,3.19,5.12,"[{'id': 1, 'type': 'face', 'x': 115, 'y': 14, 'w': 303, 'h': 392, 'score': 0.932}]",stream_annotated\annotated_yunet_20260614_003239_862774_f139.jpg
20260614_003240_105488,OpenCV YuNet ONNX neural face detector,raspberry_pi_4b_picamera2,140,17794,640,360,1,50.59,1.42,2.92,3.91,"[{'id': 1, 'type': 'face', 'x': 116, 'y': 13, 'w': 302, 'h': 394, 'score': 0.931}]",stream_annotated\annotated_yunet_20260614_003240_105488_f140.jpg
20260614_003240_261623,OpenCV YuNet ONNX neural face detector,raspberry_pi_4b_picamera2,141,17860,640,360,1,57.04,1.41,2.91,5.84,"[{'id': 1, 'type': 'face', 'x': 114, 'y': 14, 'w': 304, 'h': 391, 'score': 0.932}]",stream_annotated\annotated_yunet_20260614_003240_261623_f141.jpg
20260614_003240_483032,OpenCV YuNet ONNX neural face detector,raspberry_pi_4b_picamera2,142,17759,640,360,1,45.31,1.42,2.9,5.17,"[{'id': 1, 'type': 'face', 'x': 114, 'y': 15, 'w': 304, 'h': 387, 'score': 0.93}]",stream_annotated\annotated_yunet_20260614_003240_483032_f142.jpg
20260614_003240_667928,OpenCV YuNet ONNX neural face detector,raspberry_pi_4b_picamera2,143,17650,640,360,1,39.35,2.09,2.81,5.23,"[{'id': 1, 'type': 'face', 'x': 116, 'y': 12, 'w': 306, 'h': 395, 'score': 0.929}]",stream_annotated\annotated_yunet_20260614_003240_667928_f143.jpg
20260614_003240_866219,OpenCV YuNet ONNX neural face detector,raspberry_pi_4b_picamera2,144,17823,640,360,1,31.12,1.65,2.92,5.24,"[{'id': 1, 'type': 'face', 'x': 114, 'y': 12, 'w': 311, 'h': 392, 'score': 0.927}]",stream_annotated\annotated_yunet_20260614_003240_866219_f144.jpg
20260614_003241_095762,OpenCV YuNet ONNX neural face detector,raspberry_pi_4b_picamera2,145,17881,640,360,1,25.54,3.93,7.95,4.33,"[{'id': 1, 'type': 'face', 'x': 114, 'y': 13, 'w': 306, 'h': 387, 'score': 0.928}]",stream_annotated\annotated_yunet_20260614_003241_095762_f145.jpg
20260614_003241_287740,OpenCV YuNet ONNX neural face detector,raspberry_pi_4b_picamera2,146,18028,640,360,1,34.42,1.96,6.9,5.15,"[{'id': 1, 'type': 'face', 'x': 115, 'y': 16, 'w': 302, 'h': 386, 'score': 0.932}]",stream_annotated\annotated_yunet_20260614_003241_287740_f146.jpg
20260614_003241_480884,OpenCV YuNet ONNX neural face detector,raspberry_pi_4b_picamera2,147,17100,640,360,1,27.31,2.21,5.53,5.26,"[{'id': 1, 'type': 'face', 'x': 224, 'y': 11, 'w': 285, 'h': 402, 'score': 0.898}]",stream_annotated\annotated_yunet_20260614_003241_480884_f147.jpg
20260614_003241_687234,OpenCV YuNet ONNX neural face detector,raspberry_pi_4b_picamera2,148,25522,640,360,1,34.38,3.92,5.71,4.76,"[{'id': 1, 'type': 'face', 'x': 0, 'y': 86, 'w': 63, 'h': 69, 'score': 0.797}]",stream_annotated\annotated_yunet_20260614_003241_687234_f148.jpg
20260614_003241_906944,OpenCV YuNet ONNX neural face detector,raspberry_pi_4b_picamera2,149,28844,640,360,6,54.65,2.87,6.51,4.59,"[{'id': 1, 'type': 'face', 'x': 311, 'y': 132, 'w': 59, 'h': 76, 'score': 0.922}, {'id': 2, 'type': 'face', 'x': 65, 'y': 91, 'w': 57, 'h': 70, 'score': 0.918}, {'id': 3, 'type': 'face', 'x': 294, 'y': 38, 'w': 51, 'h': 64, 'score': 0.906}, {'id': 4, 'type': 'face', 'x': 410, 'y': 65, 'w': 61, 'h': 76, 'score': 0.896}, {'id': 5, 'type': 'face', 'x': 168, 'y': 113, 'w': 59, 'h': 68, 'score': 0.831}, {'id': 6, 'type': 'face', 'x': 192, 'y': 17, 'w': 55, 'h': 64, 'score': 0.806}]",stream_annotated\annotated_yunet_20260614_003241_906944_f149.jpg
20260614_003242_111466,OpenCV YuNet ONNX neural face detector,raspberry_pi_4b_picamera2,150,28829,640,360,6,44.16,3.68,7.44,4.96,"[{'id': 1, 'type': 'face', 'x': 311, 'y': 132, 'w': 59, 'h': 77, 'score': 0.925}, {'id': 2, 'type': 'face', 'x': 64, 'y': 88, 'w': 59, 'h': 78, 'score': 0.924}, {'id': 3, 'type': 'face', 'x': 295, 'y': 38, 'w': 50, 'h': 64, 'score': 0.907}, {'id': 4, 'type': 'face', 'x': 410, 'y': 65, 'w': 62, 'h': 76, 'score': 0.894}, {'id': 5, 'type': 'face', 'x': 192, 'y': 17, 'w': 55, 'h': 64, 'score': 0.851}, {'id': 6, 'type': 'face', 'x': 170, 'y': 113, 'w': 57, 'h': 68, 'score': 0.849}]",stream_annotated\annotated_yunet_20260614_003242_111466_f150.jpg
20260614_003242_293837,OpenCV YuNet ONNX neural face detector,raspberry_pi_4b_picamera2,151,28864,640,360,6,37.45,2.71,7.35,5.33,"[{'id': 1, 'type': 'face', 'x': 311, 'y': 131, 'w': 58, 'h': 76, 'score': 0.923}, {'id': 2, 'type': 'face', 'x': 64, 'y': 88, 'w': 59, 'h': 76, 'score': 0.922}, {'id': 3, 'type': 'face', 'x': 295, 'y': 38, 'w': 50, 'h': 63, 'score': 0.906}, {'id': 4, 'type': 'face', 'x': 409, 'y': 64, 'w': 64, 'h': 76, 'score': 0.89}, {'id': 5, 'type': 'face', 'x': 169, 'y': 113, 'w': 58, 'h': 69, 'score': 0.87}, {'id': 6, 'type': 'face', 'x': 192, 'y': 18, 'w': 54, 'h': 63, 'score': 0.861}]",stream_annotated\annotated_yunet_20260614_003242_293837_f151.jpg
20260614_003242_516468,OpenCV YuNet ONNX neural face detector,raspberry_pi_4b_picamera2,152,29022,640,360,6,36.04,3.14,8.64,4.68,"[{'id': 1, 'type': 'face', 'x': 311, 'y': 132, 'w': 58, 'h': 76, 'score': 0.924}, {'id': 2, 'type': 'face', 'x': 65, 'y': 91, 'w': 58, 'h': 71, 'score': 0.921}, {'id': 3, 'type': 'face', 'x': 294, 'y': 38, 'w': 51, 'h': 64, 'score': 0.905}, {'id': 4, 'type': 'face', 'x': 409, 'y': 65, 'w': 62, 'h': 74, 'score': 0.9}, {'id': 5, 'type': 'face', 'x': 192, 'y': 18, 'w': 55, 'h': 63, 'score': 0.869}, {'id': 6, 'type': 'face', 'x': 169, 'y': 113, 'w': 58, 'h': 69, 'score': 0.865}]",stream_annotated\annotated_yunet_20260614_003242_516468_f152.jpg
20260614_003242_703291,OpenCV YuNet ONNX neural face detector,raspberry_pi_4b_picamera2,153,28978,640,360,6,29.25,3.11,8.48,5.33,"[{'id': 1, 'type': 'face', 'x': 311, 'y': 132, 'w': 58, 'h': 76, 'score': 0.924}, {'id': 2, 'type': 'face', 'x': 64, 'y': 88, 'w': 59, 'h': 78, 'score': 0.922}, {'id': 3, 'type': 'face', 'x': 295, 'y': 38, 'w': 50, 'h': 63, 'score': 0.904}, {'id': 4, 'type': 'face', 'x': 409, 'y': 64, 'w': 64, 'h': 76, 'score': 0.898}, {'id': 5, 'type': 'face', 'x': 170, 'y': 113, 'w': 57, 'h': 68, 'score': 0.87}, {'id': 6, 'type': 'face', 'x': 191, 'y': 17, 'w': 55, 'h': 64, 'score': 0.861}]",stream_annotated\annotated_yunet_20260614_003242_703291_f153.jpg
20260614_003242_922966,OpenCV YuNet ONNX neural face detector,raspberry_pi_4b_picamera2,154,28945,640,360,6,47.77,3.02,8.53,4.55,"[{'id': 1, 'type': 'face', 'x': 64, 'y': 88, 'w': 59, 'h': 78, 'score': 0.927}, {'id': 2, 'type': 'face', 'x': 312, 'y': 132, 'w': 58, 'h': 76, 'score': 0.923}, {'id': 3, 'type': 'face', 'x': 294, 'y': 38, 'w': 50, 'h': 63, 'score': 0.905}, {'id': 4, 'type': 'face', 'x': 410, 'y': 65, 'w': 62, 'h': 74, 'score': 0.901}, {'id': 5, 'type': 'face', 'x': 193, 'y': 18, 'w': 54, 'h': 63, 'score': 0.878}, {'id': 6, 'type': 'face', 'x': 170, 'y': 114, 'w': 57, 'h': 68, 'score': 0.873}]",stream_annotated\annotated_yunet_20260614_003242_922966_f154.jpg
20260614_003243_079530,OpenCV YuNet ONNX neural face detector,raspberry_pi_4b_picamera2,155,28602,640,360,5,44.55,1.51,3.05,6.14,"[{'id': 1, 'type': 'face', 'x': 64, 'y': 89, 'w': 58, 'h': 76, 'score': 0.928}, {'id': 2, 'type': 'face', 'x': 309, 'y': 132, 'w': 59, 'h': 77, 'score': 0.922}, {'id': 3, 'type': 'face', 'x': 294, 'y': 38, 'w': 51, 'h': 64, 'score': 0.907}, {'id': 4, 'type': 'face', 'x': 170, 'y': 114, 'w': 56, 'h': 67, 'score': 0.876}, {'id': 5, 'type': 'face', 'x': 191, 'y': 17, 'w': 56, 'h': 64, 'score': 0.865}]",stream_annotated\annotated_yunet_20260614_003243_079530_f155.jpg
20260614_003243_269935,OpenCV YuNet ONNX neural face detector,raspberry_pi_4b_picamera2,156,28230,640,360,5,49.08,1.47,3.07,4.95,"[{'id': 1, 'type': 'face', 'x': 64, 'y': 89, 'w': 59, 'h': 77, 'score': 0.925}, {'id': 2, 'type': 'face', 'x': 311, 'y': 133, 'w': 57, 'h': 75, 'score': 0.924}, {'id': 3, 'type': 'face', 'x': 294, 'y': 39, 'w': 50, 'h': 64, 'score': 0.904}, {'id': 4, 'type': 'face', 'x': 171, 'y': 114, 'w': 56, 'h': 67, 'score': 0.891}, {'id': 5, 'type': 'face', 'x': 192, 'y': 17, 'w': 55, 'h': 64, 'score': 0.877}]",stream_annotated\annotated_yunet_20260614_003243_269935_f156.jpg
20260614_003243_473872,OpenCV YuNet ONNX neural face detector,raspberry_pi_4b_picamera2,157,28392,640,360,5,55.29,2.04,3.01,4.82,"[{'id': 1, 'type': 'face', 'x': 64, 'y': 89, 'w': 59, 'h': 76, 'score': 0.927}, {'id': 2, 'type': 'face', 'x': 311, 'y': 133, 'w': 57, 'h': 75, 'score': 0.923}, {'id': 3, 'type': 'face', 'x': 294, 'y': 38, 'w': 51, 'h': 64, 'score': 0.908}, {'id': 4, 'type': 'face', 'x': 171, 'y': 114, 'w': 55, 'h': 67, 'score': 0.889}, {'id': 5, 'type': 'face', 'x': 193, 'y': 18, 'w': 53, 'h': 62, 'score': 0.881}]",stream_annotated\annotated_yunet_20260614_003243_473872_f157.jpg
20260614_003243_663887,OpenCV YuNet ONNX neural face detector,raspberry_pi_4b_picamera2,158,28255,640,360,5,27.47,1.69,3.01,5.88,"[{'id': 1, 'type': 'face', 'x': 64, 'y': 89, 'w': 59, 'h': 77, 'score': 0.931}, {'id': 2, 'type': 'face', 'x': 311, 'y': 132, 'w': 58, 'h': 77, 'score': 0.921}, {'id': 3, 'type': 'face', 'x': 295, 'y': 39, 'w': 51, 'h': 64, 'score': 0.907}, {'id': 4, 'type': 'face', 'x': 171, 'y': 114, 'w': 55, 'h': 67, 'score': 0.89}, {'id': 5, 'type': 'face', 'x': 191, 'y': 17, 'w': 55, 'h': 63, 'score': 0.881}]",stream_annotated\annotated_yunet_20260614_003243_663887_f158.jpg
20260614_003243_866866,OpenCV YuNet ONNX neural face detector,raspberry_pi_4b_picamera2,159,28364,640,360,5,36.66,1.9,3.05,4.79,"[{'id': 1, 'type': 'face', 'x': 311, 'y': 132, 'w': 58, 'h': 76, 'score': 0.925}, {'id': 2, 'type': 'face', 'x': 64, 'y': 89, 'w': 59, 'h': 77, 'score': 0.925}, {'id': 3, 'type': 'face', 'x': 294, 'y': 42, 'w': 52, 'h': 63, 'score': 0.896}, {'id': 4, 'type': 'face', 'x': 171, 'y': 113, 'w': 56, 'h': 67, 'score': 0.888}, {'id': 5, 'type': 'face', 'x': 192, 'y': 17, 'w': 55, 'h': 64, 'score': 0.882}]",stream_annotated\annotated_yunet_20260614_003243_866866_f159.jpg
20260614_003244_090752,OpenCV YuNet ONNX neural face detector,raspberry_pi_4b_picamera2,160,28546,640,360,5,44.36,1.48,3.02,4.58,"[{'id': 1, 'type': 'face', 'x': 64, 'y': 89, 'w': 59, 'h': 75, 'score': 0.928}, {'id': 2, 'type': 'face', 'x': 311, 'y': 132, 'w': 58, 'h': 75, 'score': 0.922}, {'id': 3, 'type': 'face', 'x': 295, 'y': 42, 'w': 52, 'h': 62, 'score': 0.898}, {'id': 4, 'type': 'face', 'x': 172, 'y': 114, 'w': 55, 'h': 66, 'score': 0.893}, {'id': 5, 'type': 'face', 'x': 192, 'y': 17, 'w': 55, 'h': 64, 'score': 0.877}]",stream_annotated\annotated_yunet_20260614_003244_090752_f160.jpg
20260614_003244_268293,OpenCV YuNet ONNX neural face detector,raspberry_pi_4b_picamera2,161,26691,640,360,6,28.68,1.46,3.03,5.69,"[{'id': 1, 'type': 'face', 'x': 83, 'y': 96, 'w': 61, 'h': 69, 'score': 0.925}, {'id': 2, 'type': 'face', 'x': 331, 'y': 136, 'w': 59, 'h': 73, 'score': 0.923}, {'id': 3, 'type': 'face', 'x': 192, 'y': 116, 'w': 55, 'h': 68, 'score': 0.896}, {'id': 4, 'type': 'face', 'x': 430, 'y': 67, 'w': 62, 'h': 73, 'score': 0.892}, {'id': 5, 'type': 'face', 'x': 317, 'y': 47, 'w': 53, 'h': 61, 'score': 0.865}, {'id': 6, 'type': 'face', 'x': 208, 'y': 15, 'w': 62, 'h': 68, 'score': 0.859}]",stream_annotated\annotated_yunet_20260614_003244_268293_f161.jpg
20260614_003244_482020,OpenCV YuNet ONNX neural face detector,raspberry_pi_4b_picamera2,162,27554,640,360,6,34.55,1.47,3.01,4.62,"[{'id': 1, 'type': 'face', 'x': 326, 'y': 133, 'w': 59, 'h': 75, 'score': 0.926}, {'id': 2, 'type': 'face', 'x': 79, 'y': 94, 'w': 59, 'h': 69, 'score': 0.924}, {'id': 3, 'type': 'face', 'x': 308, 'y': 40, 'w': 53, 'h': 65, 'score': 0.906}, {'id': 4, 'type': 'face', 'x': 425, 'y': 68, 'w': 61, 'h': 72, 'score': 0.893}, {'id': 5, 'type': 'face', 'x': 186, 'y': 116, 'w': 55, 'h': 66, 'score': 0.891}, {'id': 6, 'type': 'face', 'x': 204, 'y': 14, 'w': 58, 'h': 68, 'score': 0.847}]",stream_annotated\annotated_yunet_20260614_003244_482020_f162.jpg
20260614_003244_685242,OpenCV YuNet ONNX neural face detector,raspberry_pi_4b_picamera2,163,28923,640,360,6,35.18,1.49,3.01,5.01,"[{'id': 1, 'type': 'face', 'x': 313, 'y': 133, 'w': 59, 'h': 74, 'score': 0.929}, {'id': 2, 'type': 'face', 'x': 66, 'y': 92, 'w': 59, 'h': 71, 'score': 0.924}, {'id': 3, 'type': 'face', 'x': 410, 'y': 62, 'w': 63, 'h': 76, 'score': 0.901}, {'id': 4, 'type': 'face', 'x': 297, 'y': 38, 'w': 50, 'h': 64, 'score': 0.897}, {'id': 5, 'type': 'face', 'x': 174, 'y': 114, 'w': 56, 'h': 67, 'score': 0.896}, {'id': 6, 'type': 'face', 'x': 197, 'y': 19, 'w': 52, 'h': 61, 'score': 0.891}]",stream_annotated\annotated_yunet_20260614_003244_685242_f163.jpg
20260614_003244_870036,OpenCV YuNet ONNX neural face detector,raspberry_pi_4b_picamera2,164,29075,640,360,6,28.19,1.45,3.03,5.36,"[{'id': 1, 'type': 'face', 'x': 64, 'y': 90, 'w': 59, 'h': 75, 'score': 0.93}, {'id': 2, 'type': 'face', 'x': 311, 'y': 132, 'w': 58, 'h': 75, 'score': 0.924}, {'id': 3, 'type': 'face', 'x': 294, 'y': 38, 'w': 51, 'h': 63, 'score': 0.909}, {'id': 4, 'type': 'face', 'x': 410, 'y': 65, 'w': 61, 'h': 72, 'score': 0.905}, {'id': 5, 'type': 'face', 'x': 172, 'y': 114, 'w': 55, 'h': 67, 'score': 0.899}, {'id': 6, 'type': 'face', 'x': 191, 'y': 16, 'w': 56, 'h': 64, 'score': 0.875}]",stream_annotated\annotated_yunet_20260614_003244_870036_f164.jpg
20260614_003245_073394,OpenCV YuNet ONNX neural face detector,raspberry_pi_4b_picamera2,165,28841,640,360,6,32.76,1.41,3.05,4.93,"[{'id': 1, 'type': 'face', 'x': 64, 'y': 89, 'w': 59, 'h': 76, 'score': 0.928}, {'id': 2, 'type': 'face', 'x': 311, 'y': 132, 'w': 59, 'h': 76, 'score': 0.926}, {'id': 3, 'type': 'face', 'x': 295, 'y': 38, 'w': 51, 'h': 63, 'score': 0.907}, {'id': 4, 'type': 'face', 'x': 410, 'y': 66, 'w': 62, 'h': 73, 'score': 0.907}, {'id': 5, 'type': 'face', 'x': 171, 'y': 114, 'w': 56, 'h': 67, 'score': 0.898}, {'id': 6, 'type': 'face', 'x': 192, 'y': 17, 'w': 54, 'h': 63, 'score': 0.886}]",stream_annotated\annotated_yunet_20260614_003245_073394_f165.jpg
20260614_003245_275672,OpenCV YuNet ONNX neural face detector,raspberry_pi_4b_picamera2,166,28774,640,360,6,33.94,1.44,3.04,5.0,"[{'id': 1, 'type': 'face', 'x': 64, 'y': 89, 'w': 60, 'h': 76, 'score': 0.931}, {'id': 2, 'type': 'face', 'x': 311, 'y': 132, 'w': 58, 'h': 76, 'score': 0.927}, {'id': 3, 'type': 'face', 'x': 409, 'y': 65, 'w': 63, 'h': 75, 'score': 0.908}, {'id': 4, 'type': 'face', 'x': 295, 'y': 39, 'w': 49, 'h': 62, 'score': 0.904}, {'id': 5, 'type': 'face', 'x': 174, 'y': 115, 'w': 52, 'h': 65, 'score': 0.903}, {'id': 6, 'type': 'face', 'x': 193, 'y': 17, 'w': 54, 'h': 64, 'score': 0.884}]",stream_annotated\annotated_yunet_20260614_003245_275672_f166.jpg
20260614_003245_487024,OpenCV YuNet ONNX neural face detector,raspberry_pi_4b_picamera2,167,28904,640,360,6,44.66,1.45,2.99,4.66,"[{'id': 1, 'type': 'face', 'x': 64, 'y': 90, 'w': 59, 'h': 75, 'score': 0.931}, {'id': 2, 'type': 'face', 'x': 311, 'y': 132, 'w': 58, 'h': 76, 'score': 0.926}, {'id': 3, 'type': 'face', 'x': 174, 'y': 115, 'w': 52, 'h': 65, 'score': 0.903}, {'id': 4, 'type': 'face', 'x': 410, 'y': 66, 'w': 61, 'h': 75, 'score': 0.902}, {'id': 5, 'type': 'face', 'x': 295, 'y': 39, 'w': 50, 'h': 62, 'score': 0.9}, {'id': 6, 'type': 'face', 'x': 192, 'y': 16, 'w': 54, 'h': 63, 'score': 0.89}]",stream_annotated\annotated_yunet_20260614_003245_487024_f167.jpg
20260614_003245_711243,OpenCV YuNet ONNX neural face detector,raspberry_pi_4b_picamera2,168,28831,640,360,6,74.32,1.47,2.98,4.47,"[{'id': 1, 'type': 'face', 'x': 64, 'y': 90, 'w': 59, 'h': 75, 'score': 0.929}, {'id': 2, 'type': 'face', 'x': 311, 'y': 133, 'w': 58, 'h': 75, 'score': 0.928}, {'id': 3, 'type': 'face', 'x': 409, 'y': 66, 'w': 62, 'h': 74, 'score': 0.909}, {'id': 4, 'type': 'face', 'x': 294, 'y': 40, 'w': 48, 'h': 62, 'score': 0.904}, {'id': 5, 'type': 'face', 'x': 174, 'y': 115, 'w': 52, 'h': 65, 'score': 0.9}, {'id': 6, 'type': 'face', 'x': 192, 'y': 16, 'w': 54, 'h': 64, 'score': 0.889}]",stream_annotated\annotated_yunet_20260614_003245_711243_f168.jpg
20260614_003245_883233,OpenCV YuNet ONNX neural face detector,raspberry_pi_4b_picamera2,169,25800,640,360,5,39.31,1.46,2.98,5.85,"[{'id': 1, 'type': 'face', 'x': 332, 'y': 65, 'w': 38, 'h': 48, 'score': 0.853}, {'id': 2, 'type': 'face', 'x': 281, 'y': 59, 'w': 38, 'h': 50, 'score': 0.846}, {'id': 3, 'type': 'face', 'x': 249, 'y': 55, 'w': 37, 'h': 52, 'score': 0.832}, {'id': 4, 'type': 'face', 'x': 114, 'y': 23, 'w': 40, 'h': 53, 'score': 0.804}, {'id': 5, 'type': 'face', 'x': 159, 'y': 28, 'w': 38, 'h': 50, 'score': 0.758}]",stream_annotated\annotated_yunet_20260614_003245_883233_f169.jpg
20260614_003246_085594,OpenCV YuNet ONNX neural face detector,raspberry_pi_4b_picamera2,170,17175,640,360,1,31.84,1.46,2.81,4.94,"[{'id': 1, 'type': 'face', 'x': 141, 'y': 13, 'w': 317, 'h': 382, 'score': 0.931}]",stream_annotated\annotated_yunet_20260614_003246_085594_f170.jpg
20260614_003246_271931,OpenCV YuNet ONNX neural face detector,raspberry_pi_4b_picamera2,171,18710,640,360,1,37.38,1.43,2.88,5.23,"[{'id': 1, 'type': 'face', 'x': 115, 'y': 9, 'w': 304, 'h': 393, 'score': 0.933}]",stream_annotated\annotated_yunet_20260614_003246_271931_f171.jpg
20260614_003246_476399,OpenCV YuNet ONNX neural face detector,raspberry_pi_4b_picamera2,172,18756,640,360,1,41.69,1.44,2.88,4.88,"[{'id': 1, 'type': 'face', 'x': 114, 'y': 10, 'w': 305, 'h': 391, 'score': 0.932}]",stream_annotated\annotated_yunet_20260614_003246_476399_f172.jpg
20260614_003246_677935,OpenCV YuNet ONNX neural face detector,raspberry_pi_4b_picamera2,173,18885,640,360,1,39.48,1.46,2.87,5.13,"[{'id': 1, 'type': 'face', 'x': 116, 'y': 10, 'w': 304, 'h': 395, 'score': 0.934}]",stream_annotated\annotated_yunet_20260614_003246_677935_f173.jpg
20260614_003246_863880,OpenCV YuNet ONNX neural face detector,raspberry_pi_4b_picamera2,174,18848,640,360,1,30.01,2.04,2.85,5.2,"[{'id': 1, 'type': 'face', 'x': 111, 'y': 10, 'w': 308, 'h': 393, 'score': 0.932}]",stream_annotated\annotated_yunet_20260614_003246_863880_f174.jpg
20260614_003247_082527,OpenCV YuNet ONNX neural face detector,raspberry_pi_4b_picamera2,175,18818,640,360,1,35.03,1.62,2.88,4.69,"[{'id': 1, 'type': 'face', 'x': 114, 'y': 9, 'w': 305, 'h': 393, 'score': 0.933}]",stream_annotated\annotated_yunet_20260614_003247_082527_f175.jpg
20260614_003247_271140,OpenCV YuNet ONNX neural face detector,raspberry_pi_4b_picamera2,176,18854,640,360,1,36.61,1.89,2.85,5.27,"[{'id': 1, 'type': 'face', 'x': 116, 'y': 11, 'w': 303, 'h': 390, 'score': 0.933}]",stream_annotated\annotated_yunet_20260614_003247_271140_f176.jpg
20260614_003247_476575,OpenCV YuNet ONNX neural face detector,raspberry_pi_4b_picamera2,177,18839,640,360,1,37.6,1.44,2.87,4.91,"[{'id': 1, 'type': 'face', 'x': 114, 'y': 9, 'w': 305, 'h': 393, 'score': 0.933}]",stream_annotated\annotated_yunet_20260614_003247_476575_f177.jpg
20260614_003247_677911,OpenCV YuNet ONNX neural face detector,raspberry_pi_4b_picamera2,178,18852,640,360,1,34.28,1.46,2.84,4.93,"[{'id': 1, 'type': 'face', 'x': 115, 'y': 10, 'w': 303, 'h': 393, 'score': 0.932}]",stream_annotated\annotated_yunet_20260614_003247_677911_f178.jpg
20260614_003247_866901,OpenCV YuNet ONNX neural face detector,raspberry_pi_4b_picamera2,179,18871,640,360,1,24.49,1.43,2.88,5.35,"[{'id': 1, 'type': 'face', 'x': 116, 'y': 11, 'w': 302, 'h': 390, 'score': 0.933}]",stream_annotated\annotated_yunet_20260614_003247_866901_f179.jpg
20260614_003248_101700,OpenCV YuNet ONNX neural face detector,raspberry_pi_4b_picamera2,180,18852,640,360,1,26.88,2.83,8.07,4.3,"[{'id': 1, 'type': 'face', 'x': 116, 'y': 9, 'w': 302, 'h': 393, 'score': 0.932}]",stream_annotated\annotated_yunet_20260614_003248_101700_f180.jpg
20260614_003248_282529,OpenCV YuNet ONNX neural face detector,raspberry_pi_4b_picamera2,181,18856,640,360,1,24.91,1.97,6.9,5.45,"[{'id': 1, 'type': 'face', 'x': 116, 'y': 11, 'w': 303, 'h': 389, 'score': 0.932}]",stream_annotated\annotated_yunet_20260614_003248_282529_f181.jpg
20260614_003248_492695,OpenCV YuNet ONNX neural face detector,raspberry_pi_4b_picamera2,182,18881,640,360,1,30.07,2.01,6.34,4.79,"[{'id': 1, 'type': 'face', 'x': 113, 'y': 9, 'w': 306, 'h': 396, 'score': 0.932}]",stream_annotated\annotated_yunet_20260614_003248_492695_f182.jpg
20260614_003248_695112,OpenCV YuNet ONNX neural face detector,raspberry_pi_4b_picamera2,183,18885,640,360,1,29.2,2.21,6.2,4.87,"[{'id': 1, 'type': 'face', 'x': 116, 'y': 11, 'w': 302, 'h': 392, 'score': 0.932}]",stream_annotated\annotated_yunet_20260614_003248_695112_f183.jpg
20260614_003248_886309,OpenCV YuNet ONNX neural face detector,raspberry_pi_4b_picamera2,184,18816,640,360,1,25.36,2.52,6.05,5.28,"[{'id': 1, 'type': 'face', 'x': 115, 'y': 11, 'w': 303, 'h': 395, 'score': 0.932}]",stream_annotated\annotated_yunet_20260614_003248_886309_f184.jpg
20260614_003249_099639,OpenCV YuNet ONNX neural face detector,raspberry_pi_4b_picamera2,185,18826,640,360,1,44.65,2.46,6.12,4.65,"[{'id': 1, 'type': 'face', 'x': 116, 'y': 13, 'w': 302, 'h': 390, 'score': 0.933}]",stream_annotated\annotated_yunet_20260614_003249_099639_f185.jpg
20260614_003249_302528,OpenCV YuNet ONNX neural face detector,raspberry_pi_4b_picamera2,186,18827,640,360,1,60.96,2.73,6.9,4.52,"[{'id': 1, 'type': 'face', 'x': 114, 'y': 12, 'w': 304, 'h': 389, 'score': 0.932}]",stream_annotated\annotated_yunet_20260614_003249_302528_f186.jpg
20260614_003249_502334,OpenCV YuNet ONNX neural face detector,raspberry_pi_4b_picamera2,187,18830,640,360,1,34.11,3.07,8.1,5.33,"[{'id': 1, 'type': 'face', 'x': 114, 'y': 11, 'w': 305, 'h': 395, 'score': 0.932}]",stream_annotated\annotated_yunet_20260614_003249_502334_f187.jpg
20260614_003249_726910,OpenCV YuNet ONNX neural face detector,raspberry_pi_4b_picamera2,188,18931,640,360,1,67.79,2.73,6.9,4.56,"[{'id': 1, 'type': 'face', 'x': 118, 'y': 13, 'w': 300, 'h': 390, 'score': 0.932}]",stream_annotated\annotated_yunet_20260614_003249_726910_f188.jpg
20260614_003249_909557,OpenCV YuNet ONNX neural face detector,raspberry_pi_4b_picamera2,189,18827,640,360,1,38.62,4.4,8.06,5.38,"[{'id': 1, 'type': 'face', 'x': 116, 'y': 12, 'w': 302, 'h': 390, 'score': 0.931}]",stream_annotated\annotated_yunet_20260614_003249_909557_f189.jpg
20260614_003250_092053,OpenCV YuNet ONNX neural face detector,raspberry_pi_4b_picamera2,190,18839,640,360,1,28.07,3.55,8.0,5.47,"[{'id': 1, 'type': 'face', 'x': 116, 'y': 13, 'w': 302, 'h': 388, 'score': 0.931}]",stream_annotated\annotated_yunet_20260614_003250_092053_f190.jpg
20260614_003250_316396,OpenCV YuNet ONNX neural face detector,raspberry_pi_4b_picamera2,191,18731,640,360,1,36.13,4.24,8.13,4.56,"[{'id': 1, 'type': 'face', 'x': 114, 'y': 13, 'w': 304, 'h': 390, 'score': 0.932}]",stream_annotated\annotated_yunet_20260614_003250_316396_f191.jpg
20260614_003250_519269,OpenCV YuNet ONNX neural face detector,raspberry_pi_4b_picamera2,192,18801,640,360,1,48.53,1.87,8.06,4.9,"[{'id': 1, 'type': 'face', 'x': 116, 'y': 13, 'w': 301, 'h': 389, 'score': 0.931}]",stream_annotated\annotated_yunet_20260614_003250_519269_f192.jpg
20260614_003250_688371,OpenCV YuNet ONNX neural face detector,raspberry_pi_4b_picamera2,193,18781,640,360,1,36.44,2.0,6.22,5.91,"[{'id': 1, 'type': 'face', 'x': 116, 'y': 13, 'w': 302, 'h': 390, 'score': 0.933}]",stream_annotated\annotated_yunet_20260614_003250_688371_f193.jpg
20260614_003250_890983,OpenCV YuNet ONNX neural face detector,raspberry_pi_4b_picamera2,194,18816,640,360,1,38.13,2.23,6.06,4.95,"[{'id': 1, 'type': 'face', 'x': 115, 'y': 14, 'w': 303, 'h': 390, 'score': 0.931}]",stream_annotated\annotated_yunet_20260614_003250_890983_f194.jpg
20260614_003251_094559,OpenCV YuNet ONNX neural face detector,raspberry_pi_4b_picamera2,195,18809,640,360,1,43.68,2.25,5.45,4.91,"[{'id': 1, 'type': 'face', 'x': 114, 'y': 13, 'w': 304, 'h': 389, 'score': 0.932}]",stream_annotated\annotated_yunet_20260614_003251_094559_f195.jpg
20260614_003251_299676,OpenCV YuNet ONNX neural face detector,raspberry_pi_4b_picamera2,196,18736,640,360,1,30.25,4.44,6.45,4.86,"[{'id': 1, 'type': 'face', 'x': 116, 'y': 14, 'w': 302, 'h': 390, 'score': 0.932}]",stream_annotated\annotated_yunet_20260614_003251_299676_f196.jpg
20260614_003251_503163,OpenCV YuNet ONNX neural face detector,raspberry_pi_4b_picamera2,197,18659,640,360,1,29.95,3.23,6.9,4.98,"[{'id': 1, 'type': 'face', 'x': 116, 'y': 15, 'w': 302, 'h': 386, 'score': 0.931}]",stream_annotated\annotated_yunet_20260614_003251_503163_f197.jpg
20260614_003251_705388,OpenCV YuNet ONNX neural face detector,raspberry_pi_4b_picamera2,198,18764,640,360,1,31.9,4.4,8.02,4.93,"[{'id': 1, 'type': 'face', 'x': 115, 'y': 15, 'w': 303, 'h': 389, 'score': 0.932}]",stream_annotated\annotated_yunet_20260614_003251_705388_f198.jpg
20260614_003251_906131,OpenCV YuNet ONNX neural face detector,raspberry_pi_4b_picamera2,199,18677,640,360,1,33.98,3.06,8.15,4.96,"[{'id': 1, 'type': 'face', 'x': 117, 'y': 14, 'w': 301, 'h': 391, 'score': 0.931}]",stream_annotated\annotated_yunet_20260614_003251_906131_f199.jpg
20260614_003252_112280,OpenCV YuNet ONNX neural face detector,raspberry_pi_4b_picamera2,200,18774,640,360,1,38.21,3.03,8.08,4.91,"[{'id': 1, 'type': 'face', 'x': 116, 'y': 15, 'w': 301, 'h': 387, 'score': 0.931}]",stream_annotated\annotated_yunet_20260614_003252_112280_f200.jpg
20260614_003252_316555,OpenCV YuNet ONNX neural face detector,raspberry_pi_4b_picamera2,201,18691,640,360,1,38.1,4.37,8.04,4.88,"[{'id': 1, 'type': 'face', 'x': 117, 'y': 17, 'w': 301, 'h': 382, 'score': 0.932}]",stream_annotated\annotated_yunet_20260614_003252_316555_f201.jpg
20260614_003252_503930,OpenCV YuNet ONNX neural face detector,raspberry_pi_4b_picamera2,202,18656,640,360,1,36.61,3.54,8.02,5.15,"[{'id': 1, 'type': 'face', 'x': 116, 'y': 16, 'w': 302, 'h': 386, 'score': 0.931}]",stream_annotated\annotated_yunet_20260614_003252_503930_f202.jpg
20260614_003252_754149,OpenCV YuNet ONNX neural face detector,raspberry_pi_4b_picamera2,203,18675,640,360,1,60.08,4.18,8.02,3.77,"[{'id': 1, 'type': 'face', 'x': 116, 'y': 15, 'w': 301, 'h': 386, 'score': 0.931}]",stream_annotated\annotated_yunet_20260614_003252_754149_f203.jpg
20260614_003252_909937,OpenCV YuNet ONNX neural face detector,raspberry_pi_4b_picamera2,204,18665,640,360,1,44.13,3.03,8.43,6.82,"[{'id': 1, 'type': 'face', 'x': 115, 'y': 15, 'w': 303, 'h': 388, 'score': 0.931}]",stream_annotated\annotated_yunet_20260614_003252_909937_f204.jpg
20260614_003253_110589,OpenCV YuNet ONNX neural face detector,raspberry_pi_4b_picamera2,205,18623,640,360,1,33.38,3.05,8.09,5.27,"[{'id': 1, 'type': 'face', 'x': 116, 'y': 17, 'w': 301, 'h': 385, 'score': 0.932}]",stream_annotated\annotated_yunet_20260614_003253_110589_f205.jpg
20260614_003253_300453,OpenCV YuNet ONNX neural face detector,raspberry_pi_4b_picamera2,206,18717,640,360,1,32.85,2.91,8.07,5.16,"[{'id': 1, 'type': 'face', 'x': 117, 'y': 16, 'w': 300, 'h': 384, 'score': 0.931}]",stream_annotated\annotated_yunet_20260614_003253_300453_f206.jpg
20260614_003253_484966,OpenCV YuNet ONNX neural face detector,raspberry_pi_4b_picamera2,207,18686,640,360,1,25.93,1.92,6.96,5.5,"[{'id': 1, 'type': 'face', 'x': 116, 'y': 16, 'w': 302, 'h': 386, 'score': 0.931}]",stream_annotated\annotated_yunet_20260614_003253_484966_f207.jpg
20260614_003253_704150,OpenCV YuNet ONNX neural face detector,raspberry_pi_4b_picamera2,208,18670,640,360,1,41.04,1.96,6.97,4.56,"[{'id': 1, 'type': 'face', 'x': 117, 'y': 18, 'w': 300, 'h': 379, 'score': 0.93}]",stream_annotated\annotated_yunet_20260614_003253_704150_f208.jpg
20260614_003253_890420,OpenCV YuNet ONNX neural face detector,raspberry_pi_4b_picamera2,209,18607,640,360,1,30.54,2.05,6.9,5.44,"[{'id': 1, 'type': 'face', 'x': 117, 'y': 18, 'w': 300, 'h': 383, 'score': 0.932}]",stream_annotated\annotated_yunet_20260614_003253_890420_f209.jpg
20260614_003254_139431,OpenCV YuNet ONNX neural face detector,raspberry_pi_4b_picamera2,210,18581,640,360,1,29.82,2.05,6.92,4.04,"[{'id': 1, 'type': 'face', 'x': 115, 'y': 15, 'w': 301, 'h': 387, 'score': 0.931}]",stream_annotated\annotated_yunet_20260614_003254_139431_f210.jpg
20260614_003254_294767,OpenCV YuNet ONNX neural face detector,raspberry_pi_4b_picamera2,211,18512,640,360,1,36.14,2.17,6.1,6.44,"[{'id': 1, 'type': 'face', 'x': 116, 'y': 17, 'w': 301, 'h': 382, 'score': 0.932}]",stream_annotated\annotated_yunet_20260614_003254_294767_f211.jpg
20260614_003254_497066,OpenCV YuNet ONNX neural face detector,raspberry_pi_4b_picamera2,212,18519,640,360,1,37.62,2.37,6.13,4.85,"[{'id': 1, 'type': 'face', 'x': 115, 'y': 16, 'w': 302, 'h': 385, 'score': 0.931}]",stream_annotated\annotated_yunet_20260614_003254_497066_f212.jpg
20260614_003254_699824,OpenCV YuNet ONNX neural face detector,raspberry_pi_4b_picamera2,213,18506,640,360,1,31.44,2.68,7.0,5.01,"[{'id': 1, 'type': 'face', 'x': 115, 'y': 17, 'w': 302, 'h': 383, 'score': 0.932}]",stream_annotated\annotated_yunet_20260614_003254_699824_f213.jpg
20260614_003254_894221,OpenCV YuNet ONNX neural face detector,raspberry_pi_4b_picamera2,214,18579,640,360,1,25.02,2.67,6.92,5.09,"[{'id': 1, 'type': 'face', 'x': 117, 'y': 19, 'w': 301, 'h': 381, 'score': 0.931}]",stream_annotated\annotated_yunet_20260614_003254_894221_f214.jpg
20260614_003255_106503,OpenCV YuNet ONNX neural face detector,raspberry_pi_4b_picamera2,215,18563,640,360,1,37.42,2.65,6.9,4.74,"[{'id': 1, 'type': 'face', 'x': 117, 'y': 17, 'w': 300, 'h': 383, 'score': 0.931}]",stream_annotated\annotated_yunet_20260614_003255_106503_f215.jpg
20260614_003255_309801,OpenCV YuNet ONNX neural face detector,raspberry_pi_4b_picamera2,216,18547,640,360,1,33.22,4.39,8.19,4.9,"[{'id': 1, 'type': 'face', 'x': 114, 'y': 16, 'w': 304, 'h': 386, 'score': 0.931}]",stream_annotated\annotated_yunet_20260614_003255_309801_f216.jpg
20260614_003255_529044,OpenCV YuNet ONNX neural face detector,raspberry_pi_4b_picamera2,217,18567,640,360,1,32.99,3.08,6.88,4.56,"[{'id': 1, 'type': 'face', 'x': 116, 'y': 17, 'w': 301, 'h': 383, 'score': 0.931}]",stream_annotated\annotated_yunet_20260614_003255_529044_f217.jpg
20260614_003255_698922,OpenCV YuNet ONNX neural face detector,raspberry_pi_4b_picamera2,218,18553,640,360,1,95.31,4.12,8.17,4.21,"[{'id': 1, 'type': 'face', 'x': 117, 'y': 19, 'w': 301, 'h': 379, 'score': 0.931}]",stream_annotated\annotated_yunet_20260614_003255_698922_f218.jpg
